Name,mlb_WAR,mlb_age_at_projection,mlb_position,debuted,mlb_WAR_numeric,ncaa_seasons,ncaa_age_at_draft,ncaa_AgeDif,ncaa_G,ncaa_PA,ncaa_AB,ncaa_R,ncaa_H,ncaa_2B,ncaa_3B,ncaa_HR,ncaa_RBI,ncaa_SB,ncaa_CS,ncaa_BB,ncaa_SO,ncaa_TB,ncaa_HBP,ncaa_BA,ncaa_OBP,ncaa_SLG,ncaa_OPS,ncaa_K_pct,ncaa_BB_pct,ncaa_ISO,ncaa_HR_per_PA,ncaa_SB_net
Grae Kessinger,-1.1,28.0,3B,1,-1.1,3,21.0,0.3,185.0,804.0,667.0,138.0,189.0,41.0,0.0,17.0,103.0,26.0,7.0,97.0,99.0,281.0,17.0,0.268,0.369,0.398,0.767,0.1231,0.1206,0.1297,0.0211,19.0
Zach Watson,Never Debuted,28.0,CF,0,0.0,3,22.0,1.3,181.0,771.0,692.0,141.0,215.0,41.0,5.0,23.0,113.0,37.0,10.0,55.0,134.0,335.0,17.0,0.311,0.373,0.485,0.858,0.1738,0.0713,0.1737,0.0298,27.0
Peyton Burdick,-1.4,28.0,CF,1,-1.4,3,22.0,1.1,178.0,804.0,633.0,183.0,221.0,51.0,7.0,28.0,168.0,41.0,9.0,118.0,109.0,370.0,34.0,0.348,0.461,0.58,1.042,0.1356,0.1468,0.2327,0.0348,32.0
Andre Lipcius,-1.4,27.0,2B,1,-1.4,3,21.0,0.3,169.0,745.0,633.0,122.0,190.0,37.0,2.0,25.0,126.0,21.0,6.0,90.0,98.0,306.0,13.0,0.299,0.393,0.476,0.869,0.1315,0.1208,0.1763,0.0336,15.0
Spencer Steer,1.7,28.0,1B,1,1.7,3,21.0,0.5,163.0,724.0,595.0,93.0,177.0,36.0,5.0,12.0,129.0,14.0,7.0,72.0,88.0,259.0,39.0,0.295,0.398,0.432,0.83,0.1215,0.0994,0.1367,0.0166,7.0
Tristin English,-5.6,28.0,OF,1,-5.6,3,22.0,1.5,174.0,750.0,662.0,126.0,207.0,58.0,3.0,29.0,175.0,1.0,2.0,33.0,102.0,358.0,36.0,0.313,0.367,0.543,0.911,0.136,0.044,0.2297,0.0387,-1.0
Drew Mendoza,Never Debuted,28.0,3B,0,0.0,3,21.0,0.5,170.0,768.0,596.0,137.0,179.0,38.0,3.0,33.0,133.0,8.0,3.0,146.0,184.0,322.0,14.0,0.297,0.437,0.54,0.977,0.2396,0.1901,0.2427,0.043,5.0
Matt Fraizer,Never Debuted,28.0,CF,0,0.0,2,20.0,-0.4,87.0,277.0,225.0,37.0,58.0,9.0,1.0,2.0,32.0,3.0,1.0,31.0,38.0,75.0,2.0,0.243,0.336,0.29,0.625,0.1372,0.1119,0.0465,0.0072,2.0
Jake Sanford,Never Debuted,28.0,CF,0,0.0,1,21.0,-0.1,56.0,259.0,221.0,65.0,88.0,20.0,2.0,22.0,66.0,6.0,1.0,33.0,50.0,178.0,4.0,0.398,0.483,0.805,1.288,0.1931,0.1274,0.407,0.0849,5.0
Jordan Brewer,Never Debuted,28.0,CF,0,0.0,1,21.0,0.2,63.0,285.0,246.0,58.0,81.0,20.0,0.0,12.0,59.0,25.0,4.0,24.0,56.0,137.0,5.0,0.329,0.389,0.557,0.946,0.1965,0.0842,0.228,0.0421,21.0
Joey Ortiz,1.6,27.0,SS,1,1.6,3,20.0,-0.9,170.0,821.0,708.0,191.0,242.0,38.0,18.0,15.0,173.0,35.0,10.0,62.0,75.0,361.0,18.0,0.339,0.399,0.503,0.902,0.0914,0.0755,0.1643,0.0183,25.0
Evan Edwards,Never Debuted,28.0,1B,0,0.0,2,22.0,1.5,120.0,534.0,425.0,103.0,134.0,22.0,3.0,29.0,108.0,11.0,2.0,92.0,110.0,249.0,8.0,0.314,0.437,0.584,1.021,0.206,0.1723,0.2705,0.0543,9.0
Ryan Kreidler,-1.3,28.0,CF,1,-1.3,3,21.0,0.5,170.0,705.0,579.0,106.0,151.0,32.0,3.0,16.0,104.0,20.0,4.0,75.0,130.0,237.0,15.0,0.254,0.348,0.395,0.743,0.1844,0.1064,0.141,0.0227,16.0
Tyler Fitzgerald,3.5,28.0,2B,1,3.5,3,21.0,0.5,178.0,751.0,638.0,141.0,175.0,38.0,5.0,11.0,100.0,45.0,8.0,66.0,137.0,256.0,21.0,0.262,0.346,0.378,0.724,0.1824,0.0879,0.1153,0.0146,37.0
Will Robertson,-6.4,28.0,LF,1,-6.4,3,21.0,0.2,153.0,691.0,589.0,115.0,181.0,46.0,6.0,30.0,147.0,5.0,5.0,68.0,106.0,329.0,28.0,0.305,0.4,0.549,0.95,0.1534,0.0984,0.244,0.0434,0.0
Jake Mangum,2.2,29.0,LF,1,2.2,4,23.0,2.3,262.0,1200.0,1074.0,229.0,383.0,73.0,10.0,5.0,126.0,56.0,18.0,75.0,108.0,491.0,45.0,0.36,0.422,0.46,0.882,0.09,0.0625,0.1,0.0042,38.0
Seth Gray,Never Debuted,27.0,3B,0,0.0,3,21.0,0.1,174.0,779.0,644.0,138.0,197.0,41.0,12.0,16.0,144.0,30.0,8.0,85.0,120.0,310.0,32.0,0.305,0.403,0.483,0.886,0.154,0.1091,0.1777,0.0205,22.0
Nick Kahle,Never Debuted,27.0,C,0,0.0,3,21.0,0.5,147.0,627.0,500.0,94.0,148.0,33.0,0.0,16.0,107.0,0.0,0.0,103.0,82.0,229.0,14.0,0.286,0.408,0.44,0.847,0.1308,0.1643,0.1533,0.0255,0.0
Kyle McCann,0.5,28.0,C,1,0.5,3,21.0,0.5,164.0,694.0,532.0,135.0,147.0,23.0,2.0,47.0,136.0,1.0,0.0,132.0,173.0,315.0,21.0,0.266,0.425,0.568,0.992,0.2493,0.1902,0.3023,0.0677,1.0
John Rave,0.3,28.0,RF,1,0.3,3,21.0,-0.2,170.0,810.0,705.0,135.0,212.0,41.0,10.0,22.0,117.0,29.0,10.0,81.0,143.0,339.0,10.0,0.301,0.377,0.478,0.855,0.1765,0.1,0.1777,0.0272,19.0
Bryant Packard,Never Debuted,28.0,LF,0,0.0,3,21.0,0.0,156.0,641.0,560.0,122.0,201.0,44.0,3.0,22.0,102.0,11.0,4.0,58.0,126.0,317.0,14.0,0.347,0.411,0.543,0.954,0.1966,0.0905,0.196,0.0343,7.0
Kellen Strahm,Never Debuted,28.0,RF,0,0.0,3,22.0,1.2,155.0,698.0,583.0,124.0,184.0,23.0,5.0,6.0,57.0,41.0,10.0,87.0,99.0,235.0,19.0,0.322,0.424,0.415,0.839,0.1418,0.1246,0.0937,0.0086,31.0
Tanner Morris,Never Debuted,28.0,2B,0,0.0,2,21.0,0.5,107.0,511.0,421.0,95.0,136.0,30.0,0.0,7.0,58.0,4.0,2.0,72.0,67.0,187.0,7.0,0.322,0.424,0.44,0.865,0.1311,0.1409,0.119,0.0137,2.0
Will Holland,Never Debuted,27.0,SS,0,0.0,3,21.0,0.3,175.0,739.0,615.0,132.0,163.0,34.0,1.0,24.0,102.0,28.0,5.0,78.0,142.0,271.0,31.0,0.256,0.36,0.425,0.785,0.1922,0.1055,0.1687,0.0325,23.0
Austin Shenton,0.9,28.0,1B,1,0.9,2,21.0,-0.1,107.0,479.0,409.0,82.0,138.0,22.0,2.0,16.0,76.0,6.0,6.0,48.0,81.0,212.0,14.0,0.337,0.421,0.518,0.94,0.1691,0.1002,0.1815,0.0334,0.0
Thomas Dillard,Never Debuted,28.0,C,0,0.0,3,21.0,0.3,181.0,761.0,612.0,145.0,175.0,33.0,4.0,31.0,132.0,34.0,9.0,135.0,152.0,309.0,9.0,0.275,0.406,0.484,0.89,0.1997,0.1774,0.2087,0.0407,25.0
Jaxx Groshans,Never Debuted,27.0,C,0,0.0,3,20.0,-0.9,165.0,699.0,598.0,95.0,178.0,35.0,5.0,17.0,127.0,1.0,4.0,87.0,104.0,274.0,4.0,0.297,0.381,0.456,0.837,0.1488,0.1245,0.1593,0.0243,-3.0
Maverick Handley,-9.1,27.0,C,1,-9.1,3,21.0,0.5,142.0,596.0,476.0,102.0,126.0,32.0,5.0,7.0,60.0,18.0,7.0,74.0,99.0,189.0,22.0,0.259,0.382,0.386,0.768,0.1661,0.1242,0.127,0.0117,11.0
Cooper Johnson,Never Debuted,27.0,C,0,0.0,3,21.0,0.3,131.0,459.0,383.0,66.0,95.0,19.0,0.0,10.0,51.0,3.0,5.0,51.0,74.0,144.0,8.0,0.24,0.334,0.347,0.681,0.1612,0.1111,0.1077,0.0218,-2.0
Zach Ashford,Never Debuted,29.0,CF,0,0.0,4,22.0,1.2,214.0,826.0,706.0,152.0,245.0,40.0,11.0,7.0,92.0,25.0,16.0,89.0,95.0,328.0,15.0,0.341,0.424,0.45,0.873,0.115,0.1077,0.1085,0.0085,9.0
Jackson Cluff,Never Debuted,29.0,SS,0,0.0,2,22.0,1.1,96.0,340.0,268.0,73.0,84.0,25.0,4.0,4.0,66.0,12.0,0.0,49.0,55.0,129.0,16.0,0.302,0.426,0.448,0.876,0.1618,0.1441,0.1465,0.0118,12.0
Will Matthiessen,Never Debuted,28.0,1B,0,0.0,3,21.0,0.5,115.0,352.0,298.0,67.0,91.0,14.0,1.0,19.0,75.0,2.0,0.0,42.0,83.0,164.0,7.0,0.302,0.601,0.565,0.966,0.2358,0.1193,0.2635,0.054,2.0
Pedro Pages,1.9,27.0,C,1,1.9,3,20.0,-1.1,143.0,597.0,498.0,85.0,147.0,23.0,0.0,14.0,98.0,1.0,1.0,73.0,95.0,212.0,14.0,0.287,0.386,0.419,0.805,0.1591,0.1223,0.1317,0.0235,0.0
Matthew Barefoot,Never Debuted,28.0,CF,0,0.0,3,21.0,-0.2,174.0,816.0,679.0,159.0,228.0,53.0,6.0,30.0,129.0,65.0,15.0,81.0,100.0,383.0,41.0,0.337,0.43,0.564,0.994,0.1225,0.0993,0.2273,0.0368,50.0
Johnny Rizer,Never Debuted,29.0,OF,0,0.0,3,22.0,1.1,124.0,442.0,385.0,73.0,106.0,23.0,5.0,14.0,52.0,13.0,7.0,49.0,82.0,181.0,3.0,0.182,0.242,0.312,0.554,0.1855,0.1109,0.1297,0.0317,6.0
Eric Yang,,27.0,C,0,0.0,3,21.0,0.2,112.0,435.0,354.0,66.0,110.0,23.0,0.0,7.0,59.0,7.0,1.0,47.0,47.0,154.0,27.0,0.255,0.353,0.334,0.687,0.108,0.108,0.0787,0.0161,6.0
Armani Smith,Never Debuted,27.0,OF,0,0.0,3,20.0,-0.8,155.0,634.0,561.0,106.0,158.0,34.0,11.0,19.0,98.0,7.0,1.0,40.0,115.0,271.0,16.0,0.277,0.338,0.47,0.808,0.1814,0.0631,0.1927,0.03,6.0
LJ Talley,Never Debuted,28.0,2B,0,0.0,4,22.0,1.3,221.0,835.0,699.0,126.0,197.0,35.0,4.0,17.0,108.0,7.0,1.0,99.0,129.0,291.0,18.0,0.275,0.372,0.404,0.775,0.1545,0.1186,0.1288,0.0204,6.0
Luke Ritter,Never Debuted,29.0,2B,0,0.0,4,22.0,1.0,222.0,937.0,780.0,155.0,233.0,41.0,5.0,22.0,116.0,20.0,4.0,109.0,161.0,350.0,36.0,0.292,0.399,0.438,0.837,0.1718,0.1163,0.1455,0.0235,16.0
Anthony Prato,Never Debuted,27.0,SS,0,0.0,3,21.0,0.0,178.0,845.0,715.0,143.0,225.0,38.0,5.0,6.0,91.0,47.0,22.0,77.0,76.0,291.0,32.0,0.315,0.399,0.407,0.806,0.0899,0.0911,0.092,0.0071,25.0
Spencer Brickhouse,Never Debuted,27.0,1B,0,0.0,3,21.0,0.0,179.0,765.0,638.0,142.0,200.0,38.0,4.0,34.0,134.0,9.0,4.0,102.0,136.0,348.0,13.0,0.314,0.411,0.547,0.958,0.1778,0.1333,0.2327,0.0444,5.0
Jake Guenther,Never Debuted,28.0,1B,0,0.0,1,22.0,1.1,58.0,253.0,203.0,43.0,70.0,13.0,2.0,10.0,42.0,14.0,0.0,41.0,29.0,117.0,6.0,0.345,0.462,0.576,1.039,0.1146,0.1621,0.231,0.0395,14.0
Gabe Holt,Never Debuted,28.0,CF,0,0.0,2,21.0,0.1,125.0,621.0,531.0,123.0,177.0,28.0,6.0,9.0,79.0,57.0,5.0,75.0,63.0,244.0,12.0,0.333,0.424,0.459,0.884,0.1014,0.1208,0.126,0.0145,52.0
Drew Millas,2.8,28.0,C,1,2.8,3,21.0,-0.2,158.0,685.0,589.0,78.0,163.0,31.0,4.0,13.0,115.0,7.0,3.0,74.0,138.0,241.0,11.0,0.274,0.356,0.402,0.758,0.2015,0.108,0.128,0.019,4.0
Ivan Gonzalez,Never Debuted,29.0,C,0,0.0,4,22.0,1.1,211.0,870.0,753.0,121.0,230.0,44.0,4.0,9.0,108.0,15.0,10.0,81.0,88.0,309.0,11.0,0.312,0.378,0.417,0.795,0.1011,0.0931,0.1055,0.0103,5.0
Tevin Mitchell,Never Debuted,28.0,RF,0,0.0,4,22.0,1.2,140.0,458.0,378.0,76.0,102.0,23.0,5.0,5.0,56.0,31.0,11.0,45.0,83.0,150.0,15.0,0.258,0.341,0.366,0.708,0.1812,0.0983,0.1083,0.0109,20.0
Jack Kenley,Never Debuted,28.0,SS,0,0.0,3,21.0,0.3,143.0,405.0,319.0,73.0,89.0,13.0,4.0,13.0,66.0,10.0,4.0,57.0,83.0,149.0,16.0,0.222,0.365,0.326,0.691,0.2049,0.1407,0.1043,0.0321,6.0
Quin Cotton,Never Debuted,27.0,CF,0,0.0,3,21.0,0.1,146.0,642.0,565.0,126.0,197.0,42.0,10.0,9.0,88.0,23.0,12.0,50.0,83.0,286.0,20.0,0.332,0.396,0.465,0.861,0.1293,0.0779,0.1337,0.014,11.0
Angel Camacho,Never Debuted,28.0,3B,0,0.0,4,22.0,1.1,221.0,956.0,838.0,129.0,252.0,38.0,2.0,21.0,155.0,8.0,5.0,85.0,126.0,357.0,18.0,0.296,0.367,0.418,0.784,0.1318,0.0889,0.122,0.022,3.0
Nate Fassnacht,Never Debuted,28.0,SS,0,0.0,3,21.0,0.3,168.0,757.0,653.0,131.0,214.0,42.0,6.0,17.0,113.0,26.0,10.0,78.0,108.0,319.0,16.0,0.327,0.408,0.485,0.893,0.1427,0.103,0.158,0.0225,16.0
Dominic Canzone,1.3,28.0,RF,1,1.3,3,21.0,0.2,172.0,788.0,678.0,139.0,228.0,40.0,6.0,23.0,114.0,36.0,6.0,85.0,84.0,349.0,11.0,0.337,0.41,0.508,0.918,0.1066,0.1079,0.1713,0.0292,30.0
Jeremy Ydens,Never Debuted,28.0,OF,0,0.0,3,21.0,0.5,102.0,433.0,371.0,81.0,117.0,24.0,5.0,11.0,59.0,22.0,8.0,34.0,90.0,184.0,16.0,0.294,0.374,0.455,0.828,0.2079,0.0785,0.1613,0.0254,14.0
Will Brennan,0.3,28.0,RF,1,0.3,3,21.0,0.1,162.0,745.0,626.0,123.0,208.0,34.0,2.0,4.0,82.0,40.0,9.0,92.0,35.0,258.0,14.0,0.333,0.425,0.411,0.836,0.047,0.1235,0.0773,0.0054,31.0
Ryan Ward,Never Debuted,27.0,LF,0,0.0,3,21.0,0.4,124.0,600.0,538.0,114.0,206.0,37.0,7.0,23.0,111.0,22.0,7.0,55.0,32.0,326.0,2.0,0.343,0.401,0.544,0.945,0.0533,0.0917,0.2007,0.0383,15.0
David Hamilton,2.8,28.0,2B,1,2.8,2,20.0,-0.7,125.0,523.0,422.0,74.0,108.0,18.0,8.0,5.0,57.0,45.0,9.0,68.0,74.0,157.0,6.0,0.254,0.355,0.368,0.724,0.1415,0.13,0.114,0.0096,36.0
Wil Dalton,Never Debuted,28.0,CF,0,0.0,2,21.0,0.3,126.0,542.0,466.0,104.0,122.0,29.0,3.0,27.0,94.0,14.0,7.0,52.0,114.0,238.0,19.0,0.262,0.36,0.504,0.863,0.2103,0.0959,0.242,0.0498,7.0
Clay Dungan,Never Debuted,29.0,2B,0,0.0,4,23.0,1.8,216.0,966.0,838.0,153.0,239.0,46.0,8.0,21.0,140.0,24.0,11.0,93.0,132.0,364.0,16.0,0.284,0.362,0.431,0.793,0.1366,0.0963,0.1478,0.0217,13.0
TJ Hopkins,-1.7,29.0,CF,1,-1.7,4,22.0,1.3,188.0,741.0,644.0,142.0,190.0,35.0,8.0,19.0,113.0,46.0,11.0,75.0,157.0,298.0,8.0,0.302,0.379,0.459,0.838,0.2119,0.1012,0.1565,0.0256,35.0
Simon Whiteman,Never Debuted,29.0,SS,0,0.0,4,22.0,1.3,173.0,789.0,703.0,135.0,213.0,32.0,4.0,4.0,90.0,71.0,10.0,53.0,88.0,265.0,8.0,0.303,0.355,0.376,0.732,0.1115,0.0672,0.0735,0.0051,61.0
Phil Clarke,Never Debuted,27.0,C,0,0.0,2,21.0,0.3,128.0,572.0,497.0,77.0,150.0,29.0,4.0,15.0,106.0,7.0,4.0,58.0,83.0,232.0,12.0,0.301,0.385,0.465,0.85,0.1451,0.1014,0.164,0.0262,3.0
Joe Genord,Never Debuted,29.0,1B,0,0.0,4,22.0,1.0,204.0,865.0,746.0,120.0,217.0,43.0,1.0,44.0,164.0,4.0,0.0,85.0,152.0,394.0,28.0,0.292,0.379,0.53,0.909,0.1757,0.0983,0.2375,0.0509,4.0
Rudy Rott,Never Debuted,29.0,1B,0,0.0,4,22.0,1.1,218.0,1018.0,864.0,150.0,293.0,60.0,3.0,39.0,186.0,10.0,3.0,105.0,141.0,476.0,34.0,0.34,0.426,0.55,0.977,0.1385,0.1031,0.2108,0.0383,7.0
Ethan Paul,Never Debuted,29.0,SS,0,0.0,4,22.0,1.3,240.0,1034.0,881.0,165.0,245.0,64.0,5.0,28.0,175.0,44.0,9.0,102.0,222.0,403.0,35.0,0.277,0.372,0.456,0.826,0.2147,0.0986,0.1788,0.0271,35.0
Mike Salvatore,Never Debuted,29.0,1B,0,0.0,2,22.0,1.5,127.0,598.0,503.0,99.0,148.0,31.0,5.0,8.0,78.0,14.0,6.0,68.0,50.0,213.0,13.0,0.292,0.382,0.417,0.8,0.0836,0.1137,0.125,0.0134,8.0
Isaac Collins,2,28.0,LF,1,2.0,3,21.0,0.2,150.0,710.0,604.0,116.0,170.0,26.0,12.0,10.0,69.0,36.0,11.0,88.0,128.0,250.0,6.0,0.28,0.376,0.405,0.781,0.1803,0.1239,0.1247,0.0141,25.0
Spencer Henson,Never Debuted,28.0,1B,0,0.0,3,21.0,0.3,135.0,491.0,403.0,82.0,142.0,18.0,2.0,29.0,110.0,3.0,2.0,77.0,111.0,251.0,7.0,0.281,0.393,0.476,0.869,0.2261,0.1568,0.1943,0.0591,1.0
Jordan Cannon,Never Debuted,29.0,C,0,0.0,4,22.0,1.0,166.0,478.0,391.0,79.0,122.0,21.0,4.0,10.0,74.0,19.0,6.0,34.0,84.0,181.0,32.0,0.291,0.383,0.427,0.81,0.1757,0.0711,0.136,0.0209,13.0
JD Orr,Never Debuted,29.0,CF,0,0.0,4,22.0,1.1,229.0,1039.0,850.0,217.0,262.0,40.0,12.0,2.0,106.0,118.0,28.0,147.0,112.0,332.0,19.0,0.308,0.415,0.39,0.805,0.1078,0.1415,0.0825,0.0019,90.0
Jake Holton,Never Debuted,27.0,1B,0,0.0,1,21.0,0.2,54.0,256.0,207.0,55.0,80.0,15.0,2.0,14.0,58.0,1.0,1.0,32.0,40.0,141.0,13.0,0.386,0.488,0.681,1.169,0.1562,0.125,0.295,0.0547,0.0
Jeff Houghtby,Never Debuted,28.0,SS,0,0.0,4,22.0,1.1,204.0,857.0,727.0,105.0,204.0,35.0,4.0,9.0,104.0,12.0,5.0,91.0,119.0,274.0,16.0,0.282,0.37,0.379,0.749,0.1389,0.1062,0.0975,0.0105,7.0
McCarthy Tatum,Never Debuted,29.0,3B,0,0.0,4,23.0,2.2,139.0,468.0,418.0,74.0,124.0,22.0,2.0,14.0,91.0,10.0,8.0,27.0,75.0,192.0,9.0,0.25,0.311,0.343,0.654,0.1603,0.0577,0.0935,0.0299,2.0
Jonathan Embry,Never Debuted,29.0,C,0,0.0,3,22.0,1.1,150.0,605.0,460.0,108.0,123.0,32.0,5.0,17.0,84.0,18.0,5.0,114.0,69.0,216.0,17.0,0.21,0.42,0.352,0.771,0.114,0.1884,0.1417,0.0281,13.0
Zac Ching,Never Debuted,28.0,SS,0,0.0,4,22.0,1.3,189.0,811.0,688.0,118.0,194.0,43.0,5.0,11.0,122.0,28.0,4.0,87.0,161.0,280.0,18.0,0.272,0.367,0.384,0.752,0.1985,0.1073,0.1125,0.0136,24.0
Patrick McColl,Never Debuted,28.0,1B,0,0.0,4,22.0,1.3,163.0,703.0,610.0,124.0,194.0,40.0,8.0,21.0,141.0,16.0,4.0,66.0,118.0,313.0,17.0,0.316,0.396,0.507,0.903,0.1679,0.0939,0.191,0.0299,12.0
Stephen Scott,Never Debuted,28.0,OF,0,0.0,4,22.0,1.3,178.0,692.0,561.0,137.0,156.0,36.0,1.0,31.0,115.0,14.0,3.0,104.0,159.0,287.0,22.0,0.228,0.353,0.396,0.75,0.2298,0.1503,0.1687,0.0448,11.0
Spencer Torkelson,0.7,26.0,1B,1,0.7,3,20.0,-0.5,129.0,628.0,498.0,152.0,168.0,33.0,0.0,54.0,130.0,7.0,5.0,110.0,104.0,363.0,13.0,0.337,0.495,0.743,1.238,0.1656,0.1752,0.4063,0.086,2.0
Heston Kjerstad,-1.7,27.0,LF,1,-1.7,3,21.0,0.3,150.0,691.0,595.0,137.0,204.0,34.0,1.0,37.0,129.0,9.0,0.0,54.0,129.0,351.0,33.0,0.369,0.444,0.64,1.084,0.1867,0.0781,0.2707,0.0535,9.0
Austin Martin,-0.3,26.0,CF,1,-0.3,3,21.0,0.3,140.0,665.0,543.0,146.0,200.0,39.0,4.0,14.0,76.0,43.0,14.0,85.0,82.0,289.0,29.0,0.369,0.482,0.559,1.042,0.1233,0.1278,0.1903,0.0211,29.0
Nick Gonzales,0.1,26.0,2B,1,0.1,3,21.0,0.0,128.0,596.0,471.0,148.0,188.0,39.0,7.0,37.0,152.0,13.0,4.0,89.0,79.0,352.0,21.0,0.409,0.522,0.841,1.363,0.1326,0.1493,0.4323,0.0621,9.0
Patrick Bailey,1.7,26.0,C,1,1.7,3,21.0,0.4,131.0,578.0,477.0,115.0,144.0,28.0,6.0,29.0,106.0,2.0,0.0,86.0,93.0,271.0,7.0,0.302,0.425,0.601,1.026,0.1609,0.1488,0.299,0.0502,2.0
Justin Foscue,-7.2,26.0,1B,1,-7.2,3,21.0,0.3,141.0,594.0,515.0,100.0,153.0,38.0,0.0,19.0,96.0,3.0,4.0,67.0,57.0,248.0,5.0,0.298,0.397,0.475,0.872,0.096,0.1128,0.1777,0.032,-1.0
Garrett Mitchell,4.1,27.0,CF,1,4.1,3,21.0,0.5,121.0,543.0,477.0,94.0,156.0,24.0,15.0,6.0,81.0,28.0,9.0,44.0,84.0,228.0,11.0,0.328,0.393,0.46,0.854,0.1547,0.081,0.1323,0.011,19.0
Aaron Sabato,Never Debuted,26.0,1B,0,0.0,2,21.0,0.4,83.0,368.0,295.0,67.0,98.0,31.0,1.0,25.0,81.0,0.0,1.0,61.0,72.0,206.0,10.0,0.318,0.466,0.702,1.167,0.1957,0.1658,0.3845,0.0679,-1.0
Austin Wells,1.7,26.0,C,1,1.7,2,20.0,-0.5,71.0,351.0,277.0,85.0,99.0,21.0,7.0,7.0,74.0,7.0,0.0,63.0,57.0,155.0,5.0,0.364,0.495,0.57,1.065,0.1624,0.1795,0.2065,0.0199,7.0
Dillon Dingler,3,27.0,C,1,3.0,3,21.0,0.2,115.0,463.0,391.0,74.0,108.0,21.0,4.0,12.0,50.0,10.0,3.0,52.0,59.0,173.0,8.0,0.292,0.376,0.518,0.894,0.1274,0.1123,0.226,0.0259,7.0
Hudson Haskin,Never Debuted,27.0,OF,0,0.0,2,21.0,0.2,73.0,329.0,273.0,72.0,99.0,25.0,5.0,11.0,66.0,5.0,1.0,40.0,39.0,167.0,11.0,0.353,0.456,0.574,1.029,0.1185,0.1216,0.221,0.0334,4.0
Zach DeLoach,-0.7,27.0,RF,1,-0.7,3,21.0,0.3,136.0,558.0,463.0,91.0,121.0,18.0,6.0,11.0,60.0,9.0,0.0,73.0,65.0,184.0,10.0,0.295,0.407,0.486,0.892,0.1165,0.1308,0.1907,0.0197,9.0
Casey Schmitt,0.3,26.0,3B,1,0.3,3,21.0,0.2,132.0,508.0,444.0,71.0,131.0,24.0,4.0,6.0,77.0,5.0,2.0,43.0,72.0,181.0,11.0,0.301,0.368,0.416,0.783,0.1417,0.0846,0.1153,0.0118,3.0
Freddy Zamora,Never Debuted,27.0,SS,0,0.0,2,20.0,-0.5,104.0,486.0,410.0,75.0,123.0,24.0,4.0,7.0,74.0,33.0,7.0,55.0,45.0,176.0,10.0,0.3,0.39,0.43,0.821,0.0926,0.1132,0.13,0.0144,26.0
Alerick Soularie,Never Debuted,26.0,OF,0,0.0,2,20.0,-0.7,76.0,311.0,256.0,68.0,86.0,14.0,1.0,16.0,63.0,10.0,1.0,49.0,47.0,150.0,4.0,0.312,0.429,0.568,0.996,0.1511,0.1576,0.2555,0.0514,9.0
Trei Cruz,Never Debuted,27.0,CF,0,0.0,3,21.0,-0.1,132.0,617.0,510.0,96.0,151.0,31.0,8.0,16.0,96.0,9.0,6.0,93.0,128.0,246.0,4.0,0.304,0.424,0.486,0.91,0.2075,0.1507,0.1817,0.0259,3.0
Anthony Servideo,Never Debuted,26.0,SS,0,0.0,3,21.0,0.3,117.0,425.0,330.0,96.0,97.0,15.0,1.0,9.0,50.0,34.0,4.0,78.0,89.0,141.0,9.0,0.301,0.439,0.463,0.903,0.2094,0.1835,0.162,0.0212,30.0
Tyler Gentry,-7,27.0,RF,1,-7.0,2,21.0,0.3,73.0,312.0,266.0,56.0,89.0,18.0,0.0,17.0,63.0,9.0,7.0,29.0,61.0,158.0,13.0,0.37,0.466,0.651,1.118,0.1955,0.0929,0.2815,0.0545,2.0
Kaden Polcovich,Never Debuted,26.0,2B,0,0.0,1,21.0,0.1,18.0,87.0,64.0,20.0,22.0,5.0,2.0,2.0,21.0,8.0,1.0,19.0,10.0,37.0,2.0,0.344,0.494,0.578,1.072,0.1149,0.2184,0.234,0.023,7.0
Casey Martin,Never Debuted,26.0,SS,0,0.0,3,21.0,0.3,148.0,684.0,594.0,124.0,184.0,40.0,4.0,30.0,116.0,24.0,3.0,67.0,165.0,322.0,12.0,0.301,0.389,0.521,0.909,0.2412,0.098,0.22,0.0439,21.0
Jordan Nwogu,Never Debuted,26.0,OF,0,0.0,3,21.0,0.2,125.0,525.0,440.0,97.0,147.0,23.0,5.0,20.0,79.0,30.0,9.0,63.0,96.0,240.0,16.0,0.341,0.422,0.528,0.95,0.1829,0.12,0.187,0.0381,21.0
Anthony Walters,Never Debuted,28.0,SS,0,0.0,2,22.0,1.2,50.0,149.0,127.0,14.0,29.0,4.0,0.0,1.0,12.0,3.0,2.0,14.0,36.0,36.0,2.0,0.231,0.314,0.288,0.602,0.2416,0.094,0.0575,0.0067,1.0
Zavier Warren,Never Debuted,27.0,1B,0,0.0,3,21.0,0.0,130.0,634.0,503.0,126.0,165.0,29.0,3.0,9.0,106.0,17.0,3.0,103.0,93.0,227.0,20.0,0.325,0.455,0.431,0.885,0.1467,0.1625,0.106,0.0142,14.0
Jesse Franklin V,Never Debuted,27.0,OF,0,0.0,2,20.0,-0.8,115.0,512.0,425.0,92.0,122.0,26.0,2.0,23.0,102.0,8.0,2.0,65.0,88.0,221.0,10.0,0.294,0.384,0.532,0.916,0.1719,0.127,0.238,0.0449,6.0
Michael Guldberg,Never Debuted,26.0,OF,0,0.0,3,21.0,0.4,104.0,393.0,318.0,88.0,119.0,14.0,2.0,3.0,50.0,11.0,0.0,44.0,41.0,146.0,15.0,0.391,0.491,0.51,1.001,0.1043,0.112,0.119,0.0076,11.0
Trevor Hauver,Never Debuted,27.0,RF,0,0.0,3,21.0,0.5,116.0,462.0,376.0,91.0,119.0,27.0,1.0,18.0,77.0,0.0,5.0,71.0,89.0,202.0,7.0,0.302,0.424,0.521,0.945,0.1926,0.1537,0.219,0.039,-5.0
Gage Workman,4.5,26.0,3B,1,4.5,3,20.0,-0.5,124.0,525.0,460.0,79.0,137.0,25.0,12.0,14.0,81.0,15.0,5.0,48.0,138.0,228.0,9.0,0.285,0.356,0.488,0.844,0.2629,0.0914,0.203,0.0267,10.0
Tyler Keenan,Never Debuted,26.0,3B,0,0.0,3,21.0,0.3,139.0,599.0,493.0,92.0,151.0,23.0,2.0,31.0,137.0,4.0,3.0,72.0,104.0,271.0,28.0,0.33,0.433,0.606,1.038,0.1736,0.1202,0.276,0.0518,1.0
Matthew Dyer,Never Debuted,27.0,OF,0,0.0,3,21.0,0.5,100.0,453.0,376.0,78.0,119.0,22.0,7.0,7.0,63.0,8.0,5.0,46.0,81.0,176.0,16.0,0.294,0.388,0.458,0.846,0.1788,0.1015,0.1643,0.0155,3.0
Joey Wiemer,1,27.0,LF,1,1.0,3,21.0,0.2,122.0,538.0,451.0,93.0,119.0,25.0,2.0,12.0,62.0,35.0,6.0,71.0,104.0,184.0,14.0,0.264,0.394,0.405,0.799,0.1933,0.132,0.1407,0.0223,29.0
Brady Lindsly,Never Debuted,27.0,C,0,0.0,4,22.0,1.1,148.0,555.0,469.0,66.0,129.0,26.0,6.0,10.0,79.0,3.0,1.0,60.0,112.0,197.0,6.0,0.274,0.365,0.421,0.786,0.2018,0.1081,0.147,0.018,2.0
Carson Taylor,Never Debuted,26.0,1B,0,0.0,2,21.0,0.4,53.0,237.0,196.0,48.0,65.0,16.0,2.0,4.0,39.0,2.0,0.0,32.0,26.0,97.0,6.0,0.36,0.465,0.552,1.016,0.1097,0.135,0.191,0.0169,2.0
Zach Daniels,Never Debuted,27.0,RF,0,0.0,3,21.0,0.3,83.0,253.0,209.0,49.0,47.0,11.0,1.0,13.0,44.0,6.0,0.0,42.0,83.0,99.0,1.0,0.239,0.36,0.504,0.863,0.3281,0.166,0.2643,0.0514,6.0
Zach Britton,Never Debuted,27.0,C,0,0.0,0,,,0.0,0.0,0.0,0.0,0.0,0.0,0.0,0.0,0.0,0.0,0.0,0.0,0.0,0.0,0.0,,,,,,,,,0.0
Jack Blomgren,Never Debuted,27.0,SS,0,0.0,3,21.0,0.2,137.0,575.0,460.0,72.0,127.0,18.0,2.0,5.0,71.0,18.0,5.0,73.0,102.0,164.0,26.0,0.272,0.405,0.357,0.763,0.1774,0.127,0.0853,0.0087,13.0
Baron Radcliff,Never Debuted,27.0,OF,0,0.0,3,21.0,0.4,112.0,398.0,330.0,59.0,78.0,16.0,2.0,19.0,73.0,6.0,0.0,65.0,135.0,155.0,0.0,0.232,0.342,0.468,0.809,0.3392,0.1633,0.2357,0.0477,6.0
Hayden Cantrelle,Never Debuted,27.0,2B,0,0.0,3,21.0,-0.1,135.0,635.0,504.0,112.0,141.0,31.0,4.0,14.0,57.0,50.0,7.0,90.0,122.0,222.0,21.0,0.244,0.384,0.389,0.773,0.1921,0.1417,0.145,0.022,43.0
LJ Jones,Never Debuted,26.0,OF,0,0.0,3,21.0,0.1,58.0,199.0,181.0,21.0,57.0,11.0,1.0,3.0,31.0,3.0,0.0,11.0,25.0,79.0,4.0,0.213,0.412,0.306,0.717,0.1256,0.0553,0.0927,0.0151,3.0
Shay Whitcomb,3,27.0,LF,1,3.0,3,21.0,-0.3,136.0,660.0,539.0,126.0,170.0,41.0,2.0,21.0,95.0,6.0,4.0,84.0,105.0,278.0,24.0,0.319,0.426,0.527,0.954,0.1591,0.1273,0.208,0.0318,2.0
Henry Davis,-1.3,26.0,C,1,-1.3,3,21.0,-0.1,109.0,428.0,359.0,71.0,121.0,19.0,0.0,21.0,84.0,11.0,3.0,52.0,46.0,203.0,12.0,0.341,0.436,0.582,1.018,0.1075,0.1215,0.2417,0.0491,8.0
Colton Cowser,2,25.0,LF,1,2.0,3,21.0,-0.6,125.0,581.0,474.0,125.0,168.0,30.0,9.0,24.0,112.0,31.0,5.0,76.0,70.0,288.0,23.0,0.33,0.44,0.549,0.988,0.1205,0.1308,0.2187,0.0413,26.0
Sal Frelick,2.9,25.0,RF,1,2.9,3,21.0,-0.1,102.0,479.0,403.0,97.0,139.0,27.0,4.0,12.0,63.0,38.0,8.0,60.0,50.0,210.0,9.0,0.322,0.423,0.495,0.919,0.1044,0.1253,0.173,0.0251,30.0
Matt McLain,2.5,26.0,2B,1,2.5,3,21.0,0.1,121.0,539.0,458.0,90.0,128.0,27.0,8.0,16.0,85.0,16.0,3.0,55.0,111.0,219.0,9.0,0.311,0.377,0.518,0.896,0.2059,0.102,0.2073,0.0297,13.0
Trey Sweeney,-0.1,25.0,SS,1,-0.1,3,21.0,-0.4,117.0,502.0,408.0,87.0,134.0,22.0,2.0,17.0,96.0,7.0,4.0,72.0,57.0,211.0,10.0,0.335,0.434,0.507,0.942,0.1135,0.1434,0.1727,0.0339,3.0
Aaron Zavala,Never Debuted,25.0,LF,0,0.0,3,21.0,0.1,113.0,482.0,393.0,93.0,139.0,24.0,3.0,10.0,77.0,15.0,5.0,75.0,68.0,199.0,10.0,0.361,0.458,0.486,0.944,0.1411,0.1556,0.1247,0.0207,10.0
Jud Fabian,Never Debuted,25.0,CF,0,0.0,4,21.0,-0.2,198.0,867.0,695.0,165.0,171.0,35.0,1.0,56.0,140.0,24.0,11.0,143.0,211.0,376.0,17.0,0.254,0.384,0.543,0.928,0.2434,0.1649,0.2895,0.0646,13.0
Connor Norby,1.2,25.0,3B,1,1.2,3,21.0,-0.1,105.0,389.0,339.0,83.0,133.0,16.0,1.0,17.0,67.0,24.0,6.0,40.0,53.0,202.0,3.0,0.337,0.403,0.483,0.886,0.1362,0.1028,0.1457,0.0437,18.0
Ryan Bliss,1,26.0,2B,1,1.0,3,21.0,0.1,134.0,618.0,537.0,121.0,176.0,32.0,4.0,20.0,99.0,22.0,9.0,64.0,81.0,276.0,4.0,0.341,0.402,0.54,0.943,0.1311,0.1036,0.199,0.0324,13.0
Ethan Wilson,Never Debuted,26.0,OF,0,0.0,3,21.0,-0.7,131.0,595.0,505.0,111.0,164.0,33.0,8.0,28.0,97.0,22.0,8.0,73.0,86.0,297.0,14.0,0.315,0.4,0.56,0.96,0.1445,0.1227,0.2447,0.0471,14.0
Cody Morissette,Never Debuted,26.0,SS,0,0.0,3,21.0,-0.1,114.0,518.0,454.0,70.0,153.0,35.0,3.0,12.0,85.0,19.0,6.0,50.0,76.0,230.0,4.0,0.363,0.43,0.543,0.973,0.1467,0.0965,0.1797,0.0232,13.0
Zack Gelof,2.6,26.0,2B,1,2.6,3,21.0,-0.1,137.0,645.0,550.0,112.0,174.0,37.0,2.0,16.0,91.0,32.0,7.0,69.0,110.0,263.0,10.0,0.325,0.413,0.542,0.955,0.1705,0.107,0.2177,0.0248,25.0
Kyle Manzardo,0.3,25.0,1B,1,0.3,3,20.0,-0.9,115.0,512.0,443.0,90.0,149.0,37.0,1.0,16.0,105.0,3.0,3.0,47.0,67.0,236.0,10.0,0.357,0.424,0.566,0.99,0.1309,0.0918,0.2087,0.0312,0.0
Tyler McDonough,Never Debuted,26.0,OF,0,0.0,3,22.0,0.9,133.0,632.0,548.0,113.0,182.0,39.0,3.0,23.0,108.0,30.0,6.0,73.0,98.0,296.0,6.0,0.338,0.424,0.546,0.97,0.1551,0.1155,0.208,0.0364,24.0
John Rhodes,Never Debuted,25.0,OF,0,0.0,2,20.0,-0.9,69.0,302.0,248.0,58.0,73.0,25.0,1.0,12.0,55.0,8.0,4.0,30.0,43.0,136.0,23.0,0.338,0.441,0.59,1.031,0.1424,0.0993,0.2515,0.0397,4.0
Branden Boissiere,Never Debuted,25.0,OF,0,0.0,3,21.0,0.1,117.0,493.0,420.0,107.0,149.0,19.0,5.0,9.0,100.0,4.0,3.0,58.0,83.0,205.0,6.0,0.344,0.412,0.475,0.887,0.1684,0.1176,0.131,0.0183,1.0
Alex Binelas,Never Debuted,25.0,1B,0,0.0,3,21.0,-0.1,111.0,480.0,408.0,97.0,111.0,24.0,7.0,33.0,123.0,7.0,1.0,48.0,101.0,248.0,15.0,0.23,0.291,0.459,0.749,0.2104,0.1,0.2287,0.0688,6.0
Jose Torres,Never Debuted,26.0,SS,0,0.0,2,21.0,-0.1,69.0,282.0,257.0,42.0,77.0,15.0,3.0,13.0,57.0,7.0,1.0,16.0,59.0,137.0,5.0,0.311,0.356,0.533,0.89,0.2092,0.0567,0.222,0.0461,6.0
Donta Williams,Never Debuted,26.0,OF,0,0.0,4,22.0,1.1,176.0,765.0,589.0,181.0,178.0,33.0,12.0,11.0,108.0,19.0,7.0,118.0,121.0,268.0,40.0,0.304,0.45,0.444,0.894,0.1582,0.1542,0.1402,0.0144,12.0
Hunter Goodman,1.6,26.0,C,1,1.6,3,21.0,-0.1,128.0,575.0,511.0,105.0,165.0,29.0,3.0,42.0,149.0,22.0,3.0,44.0,124.0,326.0,14.0,0.33,0.395,0.665,1.059,0.2157,0.0765,0.3347,0.073,19.0
JT Schwartz,Never Debuted,26.0,1B,0,0.0,2,21.0,0.1,59.0,285.0,228.0,55.0,86.0,16.0,1.0,8.0,53.0,3.0,0.0,41.0,41.0,128.0,10.0,0.362,0.447,0.51,0.956,0.1439,0.1439,0.1475,0.0281,3.0
Tanner Allen,Never Debuted,27.0,OF,0,0.0,4,23.0,2.1,210.0,964.0,836.0,176.0,281.0,62.0,12.0,23.0,182.0,12.0,6.0,89.0,138.0,436.0,25.0,0.315,0.406,0.495,0.901,0.1432,0.0923,0.1805,0.0239,6.0
Ruben Ibarra,Never Debuted,26.0,1B,0,0.0,3,22.0,0.8,75.0,277.0,223.0,42.0,76.0,15.0,1.0,17.0,46.0,0.0,0.0,42.0,61.0,144.0,8.0,0.323,0.422,0.563,0.985,0.2202,0.1516,0.2397,0.0614,0.0
Cooper Bowman,Never Debuted,26.0,2B,0,0.0,1,21.0,-0.1,48.0,223.0,191.0,42.0,56.0,7.0,0.0,8.0,22.0,20.0,4.0,23.0,32.0,87.0,7.0,0.293,0.387,0.455,0.843,0.1435,0.1031,0.162,0.0359,16.0
Christian Franklin,Never Debuted,26.0,LF,0,0.0,3,21.0,0.1,141.0,584.0,479.0,118.0,138.0,27.0,4.0,22.0,99.0,26.0,7.0,78.0,158.0,239.0,17.0,0.31,0.416,0.525,0.941,0.2705,0.1336,0.2157,0.0377,19.0
Cal Conley,Never Debuted,26.0,SS,0,0.0,2,21.0,-0.4,74.0,335.0,295.0,61.0,100.0,21.0,1.0,18.0,79.0,12.0,1.0,29.0,49.0,177.0,6.0,0.35,0.418,0.615,1.034,0.1463,0.0866,0.265,0.0537,11.0
Christian Encarnacion-Strand,1.6,26.0,1B,1,1.6,1,21.0,-0.4,56.0,267.0,227.0,47.0,82.0,17.0,3.0,15.0,66.0,4.0,2.0,20.0,50.0,150.0,16.0,0.361,0.442,0.661,1.103,0.1873,0.0749,0.3,0.0562,2.0
Dru Baker,Never Debuted,25.0,CF,0,0.0,3,21.0,-0.4,113.0,478.0,414.0,96.0,134.0,23.0,5.0,9.0,65.0,24.0,4.0,50.0,84.0,194.0,6.0,0.31,0.398,0.466,0.863,0.1757,0.1046,0.156,0.0188,20.0
Jackson Glenn,Never Debuted,28.0,3B,0,0.0,3,23.0,1.3,138.0,633.0,545.0,107.0,173.0,40.0,3.0,30.0,118.0,16.0,2.0,76.0,84.0,309.0,4.0,0.297,0.393,0.52,0.913,0.1327,0.1201,0.2227,0.0474,14.0
Nathan Hickey,Never Debuted,26.0,C,0,0.0,2,21.0,0.1,75.0,335.0,269.0,52.0,85.0,17.0,2.0,13.0,57.0,2.0,1.0,52.0,55.0,145.0,9.0,0.314,0.437,0.572,1.01,0.1642,0.1552,0.258,0.0388,1.0
Caleb Roberts,Never Debuted,26.0,OF,0,0.0,3,21.0,-0.1,112.0,449.0,347.0,68.0,86.0,15.0,1.0,10.0,53.0,9.0,2.0,74.0,65.0,133.0,23.0,0.207,0.346,0.294,0.64,0.1448,0.1648,0.0863,0.0223,7.0
Andy Thomas,Never Debuted,27.0,C,0,0.0,5,23.0,1.6,184.0,792.0,661.0,124.0,216.0,44.0,3.0,19.0,141.0,7.0,1.0,105.0,100.0,323.0,10.0,0.332,0.441,0.534,0.975,0.1263,0.1326,0.2018,0.024,6.0
Ethan Murray,Never Debuted,25.0,SS,0,0.0,3,21.0,-0.1,128.0,559.0,463.0,90.0,135.0,26.0,6.0,9.0,68.0,18.0,7.0,76.0,110.0,200.0,6.0,0.275,0.388,0.412,0.801,0.1968,0.136,0.1377,0.0161,11.0
Quincy Hamilton,Never Debuted,27.0,OF,0,0.0,4,23.0,1.4,133.0,440.0,342.0,120.0,109.0,21.0,6.0,19.0,88.0,24.0,5.0,89.0,51.0,199.0,8.0,0.295,0.431,0.482,0.914,0.1159,0.2023,0.187,0.0432,19.0
Brady Allen,Never Debuted,26.0,RF,0,0.0,3,21.0,0.1,129.0,552.0,455.0,98.0,116.0,22.0,6.0,23.0,80.0,19.0,5.0,80.0,111.0,219.0,8.0,0.271,0.393,0.5,0.893,0.2011,0.1449,0.2293,0.0417,14.0
Tyler Hardman,Never Debuted,27.0,1B,0,0.0,4,22.0,0.6,177.0,765.0,662.0,121.0,206.0,45.0,3.0,24.0,119.0,5.0,4.0,80.0,186.0,329.0,13.0,0.295,0.37,0.475,0.845,0.2431,0.1046,0.1803,0.0314,1.0
Liam Spence,Never Debuted,27.0,SS,0,0.0,2,23.0,2.1,81.0,378.0,296.0,76.0,100.0,14.0,2.0,6.0,48.0,7.0,3.0,66.0,60.0,136.0,10.0,0.341,0.467,0.46,0.928,0.1587,0.1746,0.1195,0.0159,4.0
Luke Waddell,Never Debuted,27.0,SS,0,0.0,4,22.0,0.9,172.0,772.0,643.0,132.0,198.0,34.0,5.0,12.0,86.0,15.0,7.0,92.0,62.0,278.0,23.0,0.304,0.401,0.425,0.826,0.0803,0.1192,0.1212,0.0155,8.0
CJ Rodriguez,Never Debuted,25.0,C,0,0.0,2,20.0,-0.9,70.0,283.0,230.0,33.0,59.0,12.0,0.0,5.0,44.0,1.0,0.0,41.0,22.0,86.0,10.0,0.269,0.382,0.367,0.748,0.0777,0.1449,0.098,0.0177,1.0
Max Ferguson,Never Debuted,26.0,2B,0,0.0,3,21.0,0.1,114.0,465.0,365.0,69.0,94.0,14.0,3.0,14.0,61.0,28.0,5.0,74.0,94.0,156.0,10.0,0.272,0.41,0.418,0.828,0.2022,0.1591,0.1457,0.0301,23.0
Mike Jarvis,Never Debuted,27.0,SS,0,0.0,3,23.0,1.8,115.0,503.0,440.0,104.0,143.0,29.0,5.0,12.0,69.0,29.0,7.0,34.0,63.0,218.0,22.0,0.31,0.385,0.476,0.861,0.1252,0.0676,0.166,0.0239,22.0
Austin Murr,Never Debuted,27.0,LF,0,0.0,2,22.0,0.9,71.0,344.0,294.0,75.0,93.0,23.0,5.0,10.0,46.0,11.0,2.0,37.0,48.0,156.0,6.0,0.312,0.423,0.566,0.99,0.1395,0.1076,0.254,0.0291,9.0
Collin Burns,Never Debuted,25.0,SS,0,0.0,3,21.0,-0.1,99.0,395.0,341.0,74.0,109.0,26.0,5.0,8.0,61.0,22.0,6.0,34.0,58.0,169.0,13.0,0.278,0.384,0.404,0.788,0.1468,0.0861,0.1267,0.0203,16.0
Braxton Fulford,-1,27.0,C,1,-1.0,4,22.0,0.6,169.0,620.0,501.0,93.0,131.0,25.0,4.0,19.0,93.0,1.0,1.0,73.0,154.0,221.0,26.0,0.246,0.372,0.389,0.76,0.2484,0.1177,0.1432,0.0306,0.0
Sam Praytor,Never Debuted,26.0,C,0,0.0,4,22.0,1.1,126.0,530.0,438.0,78.0,125.0,19.0,0.0,25.0,85.0,3.0,1.0,63.0,80.0,219.0,20.0,0.282,0.397,0.534,0.93,0.1509,0.1189,0.2518,0.0472,2.0
Justice Thompson,Never Debuted,25.0,OF,0,0.0,1,20.0,-1.1,54.0,241.0,207.0,36.0,63.0,8.0,0.0,7.0,24.0,15.0,2.0,25.0,67.0,92.0,5.0,0.304,0.386,0.444,0.83,0.278,0.1037,0.14,0.029,13.0
Justyn-Henry Malloy,-0.8,25.0,RF,1,-0.8,3,21.0,-0.1,82.0,320.0,247.0,62.0,69.0,18.0,1.0,11.0,47.0,5.0,1.0,63.0,52.0,122.0,8.0,0.181,0.429,0.278,0.707,0.1625,0.1969,0.097,0.0344,4.0
Wyatt Hendrie,Never Debuted,27.0,C,0,0.0,2,22.0,0.8,61.0,269.0,218.0,62.0,78.0,13.0,2.0,10.0,64.0,8.0,0.0,31.0,35.0,125.0,13.0,0.332,0.44,0.5,0.94,0.1301,0.1152,0.1675,0.0372,8.0
Connor Pavolony,Never Debuted,26.0,C,0,0.0,3,21.0,0.1,105.0,363.0,293.0,58.0,76.0,16.0,1.0,13.0,55.0,6.0,1.0,45.0,79.0,133.0,14.0,0.277,0.384,0.515,0.898,0.2176,0.124,0.2383,0.0358,5.0
Kevin Kendall,Never Debuted,26.0,SS,0,0.0,3,22.0,1.1,145.0,615.0,540.0,118.0,167.0,28.0,5.0,7.0,70.0,32.0,8.0,45.0,105.0,226.0,16.0,0.297,0.365,0.396,0.761,0.1707,0.0732,0.0983,0.0114,24.0
Jacob Young,2.5,26.0,CF,1,2.5,3,21.0,0.1,131.0,571.0,497.0,110.0,164.0,28.0,3.0,8.0,76.0,26.0,4.0,51.0,79.0,222.0,12.0,0.359,0.427,0.461,0.888,0.1384,0.0893,0.102,0.014,22.0
Colin Davis,Never Debuted,27.0,OF,0,0.0,4,22.0,0.8,181.0,795.0,693.0,152.0,222.0,54.0,6.0,35.0,146.0,46.0,8.0,66.0,129.0,393.0,13.0,0.326,0.384,0.574,0.959,0.1623,0.083,0.2482,0.044,38.0
Tristan Peters,-16.2,25.0,LF,1,-16.2,1,21.0,-0.7,60.0,268.0,217.0,53.0,77.0,20.0,2.0,6.0,55.0,14.0,2.0,46.0,28.0,119.0,1.0,0.355,0.463,0.548,1.011,0.1045,0.1716,0.193,0.0224,12.0
Joey Loperfido,1.4,26.0,LF,1,1.4,4,22.0,0.9,170.0,765.0,635.0,142.0,201.0,37.0,9.0,18.0,96.0,41.0,12.0,85.0,167.0,310.0,31.0,0.304,0.415,0.458,0.873,0.2183,0.1111,0.155,0.0235,29.0
Parker Chavers,Never Debuted,27.0,OF,0,0.0,3,22.0,0.3,168.0,750.0,621.0,134.0,198.0,36.0,7.0,27.0,129.0,33.0,11.0,101.0,131.0,329.0,20.0,0.319,0.426,0.529,0.955,0.1747,0.1347,0.21,0.036,22.0
Brett Harris,0.8,27.0,3B,1,0.8,3,23.0,1.7,113.0,507.0,411.0,82.0,133.0,31.0,1.0,10.0,78.0,13.0,7.0,47.0,60.0,196.0,35.0,0.313,0.411,0.449,0.859,0.1183,0.0927,0.136,0.0197,6.0
Jake Rucker,Never Debuted,26.0,3B,0,0.0,3,21.0,0.1,145.0,601.0,518.0,89.0,161.0,35.0,4.0,12.0,96.0,12.0,4.0,57.0,104.0,240.0,12.0,0.314,0.394,0.48,0.874,0.173,0.0948,0.166,0.02,8.0
Robby Martin Jr.,Never Debuted,26.0,OF,0,0.0,3,21.0,-0.1,134.0,589.0,499.0,86.0,146.0,29.0,1.0,15.0,119.0,4.0,1.0,74.0,132.0,222.0,6.0,0.3,0.396,0.437,0.834,0.2241,0.1256,0.1377,0.0255,3.0
Will Frizzell,Never Debuted,26.0,1B,0,0.0,4,22.0,1.1,177.0,670.0,572.0,102.0,167.0,33.0,0.0,30.0,115.0,4.0,2.0,80.0,124.0,290.0,10.0,0.282,0.374,0.483,0.857,0.1851,0.1194,0.2008,0.0448,2.0
James Parker,Never Debuted,25.0,SS,0,0.0,3,21.0,-0.1,92.0,356.0,317.0,49.0,96.0,18.0,0.0,10.0,53.0,5.0,6.0,29.0,74.0,144.0,7.0,0.283,0.332,0.41,0.743,0.2079,0.0815,0.127,0.0281,-1.0
Zack Raabe,Never Debuted,26.0,2B,0,0.0,3,21.0,-0.2,104.0,399.0,346.0,49.0,112.0,19.0,2.0,7.0,39.0,8.0,5.0,40.0,50.0,156.0,5.0,0.35,0.423,0.487,0.91,0.1253,0.1003,0.137,0.0175,3.0
Mike Antico,Never Debuted,28.0,CF,0,0.0,5,23.0,1.6,219.0,807.0,632.0,177.0,196.0,38.0,9.0,23.0,114.0,85.0,11.0,143.0,137.0,321.0,18.0,0.297,0.433,0.473,0.907,0.1698,0.1772,0.1764,0.0285,74.0
Casey Opitz,Never Debuted,27.0,C,0,0.0,4,22.0,1.1,148.0,542.0,448.0,82.0,114.0,20.0,2.0,6.0,67.0,13.0,1.0,79.0,100.0,156.0,5.0,0.256,0.352,0.366,0.718,0.1845,0.1458,0.1095,0.0111,12.0
Drew Swift,Never Debuted,27.0,SS,0,0.0,4,22.0,1.1,172.0,722.0,602.0,122.0,167.0,24.0,5.0,7.0,89.0,11.0,8.0,80.0,149.0,222.0,10.0,0.286,0.37,0.37,0.74,0.2064,0.1108,0.0842,0.0097,3.0
Noah Cardenas,Never Debuted,26.0,C,0,0.0,3,21.0,0.1,126.0,469.0,387.0,75.0,117.0,20.0,2.0,8.0,60.0,2.0,0.0,45.0,66.0,165.0,27.0,0.293,0.405,0.398,0.802,0.1407,0.0959,0.1043,0.0171,2.0
Lucas Dunn,Never Debuted,26.0,2B,0,0.0,4,22.0,0.9,155.0,534.0,452.0,101.0,131.0,23.0,6.0,9.0,71.0,28.0,7.0,65.0,80.0,193.0,7.0,0.288,0.385,0.436,0.82,0.1498,0.1217,0.148,0.0169,21.0
Luke Brown,Never Debuted,26.0,OF,0,0.0,3,22.0,0.9,115.0,487.0,441.0,83.0,150.0,24.0,4.0,0.0,40.0,39.0,14.0,29.0,67.0,182.0,8.0,0.339,0.389,0.41,0.799,0.1376,0.0595,0.071,0.0,25.0
Liam Hicks,1.7,26.0,C,1,1.7,2,22.0,0.3,57.0,274.0,212.0,55.0,72.0,14.0,1.0,11.0,40.0,2.0,0.0,46.0,25.0,121.0,14.0,0.336,0.495,0.592,1.087,0.0912,0.1679,0.2565,0.0401,2.0
Tyler Miller,Never Debuted,26.0,3B,0,0.0,2,21.0,0.1,63.0,273.0,243.0,47.0,73.0,10.0,2.0,16.0,66.0,3.0,1.0,21.0,51.0,135.0,1.0,0.271,0.344,0.444,0.787,0.1868,0.0769,0.1725,0.0586,2.0
Ryan Higgins,Never Debuted,26.0,3B,0,0.0,3,21.0,-0.2,87.0,323.0,275.0,63.0,95.0,24.0,4.0,14.0,62.0,5.0,3.0,39.0,61.0,169.0,5.0,0.341,0.415,0.576,0.991,0.1889,0.1207,0.235,0.0433,2.0
Parker Bates,Never Debuted,28.0,OF,0,0.0,5,23.0,1.6,226.0,978.0,787.0,169.0,243.0,49.0,6.0,32.0,194.0,22.0,15.0,124.0,123.0,400.0,45.0,0.305,0.431,0.524,0.954,0.1258,0.1268,0.2182,0.0327,7.0
Spencer Packard,Never Debuted,28.0,OF,0,0.0,3,23.0,1.4,125.0,569.0,450.0,99.0,146.0,39.0,0.0,14.0,118.0,6.0,2.0,72.0,67.0,227.0,39.0,0.286,0.437,0.44,0.877,0.1178,0.1265,0.154,0.0246,4.0
Jack Rogers,Never Debuted,26.0,LF,0,0.0,4,22.0,0.4,164.0,650.0,557.0,119.0,183.0,50.0,6.0,30.0,118.0,24.0,8.0,65.0,166.0,335.0,21.0,0.332,0.409,0.603,1.012,0.2554,0.1,0.2705,0.0462,16.0
Liam McGill,Never Debuted,28.0,C,0,0.0,5,23.0,1.8,173.0,785.0,657.0,131.0,229.0,39.0,3.0,23.0,133.0,3.0,1.0,92.0,142.0,343.0,24.0,0.341,0.429,0.492,0.922,0.1809,0.1172,0.1514,0.0293,2.0
Shane McGuire,Never Debuted,26.0,C,0,0.0,4,22.0,0.7,162.0,724.0,579.0,120.0,178.0,36.0,4.0,9.0,93.0,11.0,7.0,103.0,79.0,249.0,25.0,0.34,0.453,0.484,0.936,0.1091,0.1423,0.1438,0.0124,4.0
Patrick Winkel,Never Debuted,26.0,C,0,0.0,2,21.0,-0.4,102.0,430.0,377.0,57.0,112.0,21.0,1.0,18.0,80.0,2.0,1.0,35.0,75.0,189.0,6.0,0.298,0.357,0.5,0.857,0.1744,0.0814,0.202,0.0419,1.0
Austin Schultz,Never Debuted,25.0,OF,0,0.0,3,21.0,0.1,112.0,487.0,413.0,91.0,131.0,23.0,3.0,13.0,54.0,37.0,6.0,55.0,110.0,199.0,16.0,0.329,0.43,0.532,0.962,0.2259,0.1129,0.2027,0.0267,31.0
Billy Cook,5.4,27.0,OF,1,5.4,4,22.0,0.7,122.0,486.0,413.0,85.0,118.0,18.0,7.0,26.0,90.0,14.0,6.0,53.0,110.0,228.0,13.0,0.292,0.39,0.56,0.95,0.2263,0.1091,0.268,0.0535,8.0
Zach Kokoska,Never Debuted,27.0,OF,0,0.0,4,22.0,0.6,141.0,547.0,472.0,112.0,163.0,32.0,5.0,24.0,90.0,22.0,8.0,53.0,90.0,277.0,17.0,0.327,0.392,0.518,0.909,0.1645,0.0969,0.1903,0.0439,14.0
Logan Cerny,Never Debuted,26.0,CF,0,0.0,3,21.0,-0.7,115.0,509.0,430.0,92.0,125.0,30.0,8.0,26.0,96.0,25.0,7.0,55.0,139.0,249.0,10.0,0.264,0.37,0.536,0.906,0.2731,0.1081,0.2717,0.0511,18.0
Wes Clarke,Never Debuted,26.0,1B,0,0.0,3,21.0,0.1,92.0,378.0,301.0,73.0,81.0,14.0,0.0,32.0,82.0,0.0,1.0,64.0,99.0,191.0,10.0,0.265,0.387,0.597,0.984,0.2619,0.1693,0.3313,0.0847,-1.0
Michael Sandle,Never Debuted,27.0,OF,0,0.0,4,22.0,0.3,179.0,767.0,663.0,125.0,193.0,35.0,7.0,21.0,132.0,34.0,4.0,63.0,125.0,305.0,24.0,0.296,0.37,0.454,0.824,0.163,0.0821,0.1578,0.0274,30.0
Ben Cowles,Never Debuted,26.0,3B,0,0.0,3,21.0,-0.2,117.0,499.0,403.0,77.0,98.0,18.0,1.0,24.0,80.0,18.0,4.0,44.0,125.0,190.0,36.0,0.243,0.363,0.47,0.833,0.2505,0.0882,0.227,0.0481,14.0
Peter Matt,Never Debuted,27.0,OF,0,0.0,5,23.0,1.9,167.0,739.0,650.0,125.0,199.0,38.0,7.0,19.0,106.0,34.0,5.0,72.0,148.0,308.0,6.0,0.323,0.397,0.463,0.86,0.2003,0.0974,0.1402,0.0257,29.0
Jack Winkler,-2.3,27.0,2B,1,-2.3,4,22.0,0.7,184.0,796.0,673.0,124.0,186.0,43.0,1.0,14.0,104.0,39.0,11.0,67.0,154.0,273.0,35.0,0.262,0.362,0.369,0.731,0.1935,0.0842,0.1073,0.0176,28.0
Ernie Yake,Never Debuted,28.0,SS,0,0.0,4,23.0,1.7,165.0,795.0,697.0,127.0,223.0,45.0,3.0,6.0,90.0,17.0,5.0,71.0,53.0,292.0,15.0,0.324,0.396,0.439,0.834,0.0667,0.0893,0.115,0.0075,12.0
Colton Bender,Never Debuted,27.0,C,0,0.0,4,22.0,0.7,126.0,500.0,447.0,53.0,132.0,24.0,1.0,7.0,70.0,4.0,4.0,34.0,70.0,179.0,7.0,0.28,0.33,0.387,0.718,0.14,0.068,0.1065,0.014,0.0
Jacob Berry,Never Debuted,24.0,1B,0,0.0,2,21.0,-0.2,116.0,545.0,455.0,101.0,164.0,28.0,5.0,32.0,118.0,2.0,2.0,60.0,80.0,298.0,21.0,0.361,0.452,0.653,1.104,0.1468,0.1101,0.292,0.0587,0.0
Brooks Lee,-0.8,25.0,3B,1,-0.8,3,21.0,-0.1,115.0,538.0,459.0,104.0,161.0,53.0,4.0,25.0,114.0,6.0,2.0,64.0,63.0,297.0,4.0,0.4,0.449,0.763,1.212,0.1171,0.119,0.3637,0.0465,4.0
Gavin Cross,Never Debuted,25.0,RF,0,0.0,3,21.0,0.0,124.0,585.0,512.0,132.0,174.0,28.0,13.0,28.0,93.0,28.0,4.0,51.0,99.0,312.0,16.0,0.347,0.411,0.555,0.966,0.1692,0.0872,0.208,0.0479,24.0
Kevin Parada,Never Debuted,24.0,C,0,0.0,2,20.0,-1.0,112.0,548.0,478.0,121.0,163.0,30.0,3.0,35.0,130.0,12.0,2.0,47.0,73.0,304.0,20.0,0.339,0.416,0.63,1.046,0.1332,0.0858,0.2905,0.0639,10.0
Jace Jung,-2.9,25.0,3B,1,-2.9,3,21.0,-0.2,136.0,633.0,485.0,139.0,159.0,32.0,3.0,39.0,147.0,10.0,2.0,126.0,102.0,314.0,11.0,0.312,0.46,0.638,1.098,0.1611,0.1991,0.3257,0.0616,8.0
Zach Neto,5.2,25.0,SS,1,5.2,3,21.0,0.0,100.0,475.0,377.0,117.0,152.0,40.0,5.0,27.0,108.0,31.0,5.0,56.0,49.0,283.0,27.0,0.337,0.445,0.572,1.017,0.1032,0.1179,0.2343,0.0568,26.0
Chase DeLauter,,24.0,RF,0,0.0,3,20.0,-1.3,66.0,323.0,256.0,71.0,103.0,27.0,4.0,15.0,70.0,24.0,6.0,62.0,45.0,183.0,3.0,0.402,0.513,0.703,1.216,0.1393,0.192,0.3017,0.0464,18.0
Daniel Susac,Never Debuted,24.0,C,0,0.0,2,21.0,0.1,125.0,577.0,515.0,98.0,181.0,43.0,3.0,24.0,126.0,0.0,0.0,42.0,99.0,302.0,15.0,0.351,0.41,0.586,0.998,0.1716,0.0728,0.236,0.0416,0.0
Spencer Jones,Never Debuted,24.0,CF,0,0.0,3,21.0,-0.2,109.0,421.0,359.0,86.0,118.0,30.0,3.0,15.0,73.0,18.0,1.0,43.0,104.0,199.0,15.0,0.283,0.38,0.463,0.842,0.247,0.1021,0.1793,0.0356,17.0
Eric Brown Jr.,Never Debuted,25.0,SS,0,0.0,3,21.0,-0.6,123.0,570.0,451.0,113.0,138.0,34.0,3.0,16.0,88.0,26.0,11.0,81.0,75.0,226.0,23.0,0.294,0.417,0.456,0.872,0.1316,0.1421,0.1613,0.0281,15.0
Drew Gilbert,-1,25.0,CF,1,-1.0,3,21.0,-0.2,141.0,598.0,509.0,116.0,160.0,36.0,5.0,22.0,140.0,16.0,3.0,55.0,78.0,272.0,24.0,0.329,0.429,0.537,0.965,0.1304,0.092,0.208,0.0368,13.0
Reggie Crawford,Never Debuted,25.0,1B,0,0.0,2,20.0,-1.4,64.0,290.0,262.0,42.0,81.0,18.0,1.0,14.0,78.0,3.0,0.0,20.0,72.0,143.0,4.0,0.33,0.381,0.55,0.932,0.2483,0.069,0.2205,0.0483,3.0
Dalton Rushing,0.7,24.0,C,1,0.7,3,21.0,0.0,102.0,405.0,319.0,84.0,95.0,22.0,0.0,28.0,82.0,5.0,1.0,62.0,89.0,201.0,22.0,0.291,0.41,0.575,0.986,0.2198,0.1531,0.2847,0.0691,4.0
Max Wagner,Never Debuted,24.0,3B,0,0.0,2,20.0,-1.0,93.0,358.0,287.0,82.0,93.0,20.0,1.0,29.0,85.0,4.0,1.0,56.0,82.0,202.0,8.0,0.292,0.4,0.598,1.0,0.2291,0.1564,0.307,0.081,3.0
Ivan Melendez,Never Debuted,26.0,3B,0,0.0,2,22.0,0.8,126.0,564.0,452.0,113.0,161.0,31.0,5.0,45.0,145.0,2.0,0.0,86.0,116.0,337.0,22.0,0.353,0.473,0.733,1.206,0.2057,0.1525,0.38,0.0798,2.0
Cayden Wallace,Never Debuted,24.0,3B,0,0.0,2,20.0,-1.2,127.0,602.0,515.0,114.0,149.0,31.0,1.0,30.0,104.0,12.0,1.0,67.0,117.0,272.0,12.0,0.288,0.378,0.526,0.904,0.1944,0.1113,0.238,0.0498,11.0
Peyton Graham,Never Debuted,25.0,SS,0,0.0,3,21.0,-0.2,138.0,662.0,560.0,141.0,179.0,36.0,5.0,34.0,109.0,49.0,6.0,70.0,139.0,327.0,26.0,0.327,0.425,0.585,1.009,0.21,0.1057,0.2577,0.0514,43.0
Logan Tanner,Never Debuted,25.0,C,0,0.0,3,21.0,-0.2,136.0,582.0,492.0,87.0,140.0,22.0,0.0,24.0,96.0,0.0,3.0,79.0,100.0,234.0,5.0,0.28,0.386,0.463,0.849,0.1718,0.1357,0.183,0.0412,-3.0
Tyler Locklear,-4.8,25.0,1B,1,-4.8,3,21.0,-0.2,132.0,628.0,476.0,161.0,172.0,40.0,6.0,37.0,152.0,14.0,7.0,101.0,78.0,335.0,49.0,0.335,0.479,0.627,1.106,0.1242,0.1608,0.292,0.0589,7.0
Josh Kasevich,Never Debuted,25.0,SS,0,0.0,3,21.0,0.1,130.0,569.0,498.0,87.0,151.0,21.0,3.0,11.0,96.0,13.0,4.0,48.0,48.0,211.0,11.0,0.256,0.313,0.35,0.663,0.0844,0.0844,0.094,0.0193,9.0
Jacob Melton,-1.7,25.0,LF,1,-1.7,3,21.0,0.1,102.0,424.0,371.0,87.0,135.0,27.0,7.0,23.0,108.0,29.0,2.0,41.0,86.0,245.0,5.0,0.285,0.352,0.486,0.838,0.2028,0.0967,0.201,0.0542,27.0
Brock Jones,Never Debuted,24.0,OF,0,0.0,3,21.0,0.1,137.0,651.0,516.0,139.0,159.0,28.0,6.0,40.0,123.0,33.0,12.0,110.0,158.0,319.0,16.0,0.288,0.409,0.542,0.951,0.2427,0.169,0.2543,0.0614,21.0
Jack Brannigan,Never Debuted,24.0,SS,0,0.0,3,21.0,0.0,117.0,504.0,433.0,92.0,125.0,30.0,4.0,19.0,86.0,21.0,10.0,48.0,124.0,220.0,12.0,0.28,0.367,0.486,0.852,0.246,0.0952,0.2053,0.0377,11.0
Trey Lipscomb,-0.3,25.0,3B,1,-0.3,4,22.0,0.8,103.0,373.0,320.0,83.0,106.0,23.0,3.0,24.0,103.0,7.0,2.0,37.0,46.0,207.0,10.0,0.251,0.328,0.44,0.768,0.1233,0.0992,0.1893,0.0643,5.0
Joe Lampe,Never Debuted,25.0,OF,0,0.0,2,21.0,0.1,112.0,500.0,436.0,95.0,140.0,35.0,7.0,15.0,68.0,23.0,8.0,43.0,57.0,234.0,10.0,0.317,0.388,0.526,0.914,0.114,0.086,0.2085,0.03,15.0
Gabriel Rincones Jr.,Never Debuted,24.0,RF,0,0.0,1,21.0,-0.2,58.0,288.0,237.0,61.0,82.0,17.0,0.0,19.0,69.0,2.0,0.0,42.0,51.0,156.0,6.0,0.346,0.451,0.658,1.11,0.1771,0.1458,0.312,0.066,2.0
Colby Thomas,-0.1,25.0,RF,1,-0.1,3,21.0,-0.2,111.0,512.0,428.0,110.0,125.0,35.0,3.0,32.0,100.0,26.0,3.0,61.0,105.0,262.0,20.0,0.302,0.403,0.631,1.034,0.2051,0.1191,0.3297,0.0625,23.0
Drake Baldwin,4.3,24.0,C,1,4.3,3,21.0,-0.5,120.0,535.0,441.0,81.0,140.0,24.0,3.0,24.0,105.0,5.0,0.0,61.0,62.0,242.0,27.0,0.309,0.412,0.506,0.918,0.1159,0.114,0.1973,0.0449,5.0
Alan Roden,-1.7,26.0,LF,1,-1.7,3,22.0,0.6,91.0,418.0,342.0,88.0,131.0,42.0,2.0,14.0,94.0,13.0,6.0,49.0,27.0,219.0,22.0,0.388,0.456,0.761,1.217,0.0646,0.1172,0.3727,0.0335,7.0
Alex Freeland,1.2,24.0,SS,1,1.2,2,20.0,-1.1,102.0,447.0,361.0,79.0,103.0,18.0,0.0,18.0,75.0,9.0,3.0,70.0,92.0,175.0,8.0,0.285,0.41,0.499,0.91,0.2058,0.1566,0.2145,0.0403,6.0
Silas Ardoin,Never Debuted,25.0,C,0,0.0,3,21.0,-0.2,140.0,570.0,453.0,85.0,116.0,30.0,2.0,13.0,87.0,2.0,1.0,87.0,101.0,189.0,16.0,0.25,0.384,0.368,0.752,0.1772,0.1526,0.1177,0.0228,1.0
Ryan Ritter,0.7,25.0,SS,1,0.7,2,21.0,-0.2,111.0,463.0,404.0,64.0,113.0,19.0,3.0,11.0,56.0,23.0,0.0,32.0,114.0,171.0,14.0,0.279,0.346,0.417,0.763,0.2462,0.0691,0.138,0.0238,23.0
Jimmy Crooks,0.7,24.0,C,1,0.7,2,20.0,-1.2,123.0,571.0,472.0,102.0,140.0,39.0,1.0,19.0,90.0,13.0,4.0,74.0,105.0,238.0,18.0,0.296,0.408,0.504,0.912,0.1839,0.1296,0.208,0.0333,9.0
Chase Meidroth,1.7,24.0,SS,1,1.7,3,20.0,-1.1,75.0,312.0,260.0,59.0,83.0,19.0,0.0,11.0,49.0,6.0,3.0,45.0,33.0,135.0,6.0,0.271,0.37,0.454,0.824,0.1058,0.1442,0.183,0.0353,3.0
Anthony Hall,Never Debuted,25.0,OF,0,0.0,3,21.0,0.1,124.0,495.0,437.0,84.0,134.0,29.0,8.0,21.0,101.0,7.0,3.0,42.0,95.0,242.0,9.0,0.29,0.363,0.514,0.878,0.1919,0.0848,0.2243,0.0424,4.0
Jordan Sprinkle,Never Debuted,24.0,SS,0,0.0,3,21.0,-0.1,117.0,521.0,451.0,99.0,144.0,29.0,6.0,10.0,67.0,51.0,14.0,45.0,86.0,215.0,13.0,0.213,0.261,0.317,0.578,0.1651,0.0864,0.1047,0.0192,37.0
Matthew Wood,Never Debuted,24.0,C,0,0.0,3,21.0,-0.1,107.0,473.0,388.0,81.0,132.0,26.0,4.0,16.0,79.0,7.0,7.0,62.0,63.0,214.0,11.0,0.329,0.424,0.489,0.913,0.1332,0.1311,0.16,0.0338,0.0
Dominic Keegan,Never Debuted,25.0,C,0,0.0,4,21.0,-0.2,146.0,604.0,516.0,109.0,178.0,37.0,5.0,29.0,129.0,2.0,1.0,73.0,141.0,312.0,9.0,0.296,0.382,0.465,0.847,0.2334,0.1209,0.1687,0.048,1.0
Nick Biddison,Never Debuted,25.0,RF,0,0.0,4,21.0,0.0,153.0,725.0,588.0,128.0,182.0,35.0,8.0,26.0,105.0,37.0,12.0,100.0,142.0,311.0,23.0,0.303,0.411,0.511,0.921,0.1959,0.1379,0.208,0.0359,25.0
Andrew Pintar,Never Debuted,24.0,CF,0,0.0,3,21.0,-0.1,81.0,371.0,312.0,66.0,93.0,17.0,3.0,9.0,46.0,4.0,3.0,47.0,67.0,143.0,7.0,0.276,0.375,0.393,0.768,0.1806,0.1267,0.117,0.0243,1.0
Tres Gonzalez,Never Debuted,25.0,OF,0,0.0,3,21.0,0.0,129.0,571.0,453.0,100.0,142.0,32.0,2.0,8.0,87.0,11.0,3.0,91.0,74.0,202.0,17.0,0.329,0.445,0.453,0.898,0.1296,0.1594,0.1247,0.014,8.0
Jared McKenzie,Never Debuted,24.0,OF,0,0.0,3,21.0,-0.2,121.0,565.0,488.0,109.0,169.0,29.0,5.0,21.0,91.0,11.0,2.0,46.0,106.0,271.0,24.0,0.359,0.431,0.531,0.963,0.1876,0.0814,0.1717,0.0372,9.0
Luke Gold,Never Debuted,25.0,3B,0,0.0,3,21.0,0.0,112.0,506.0,435.0,72.0,132.0,40.0,3.0,19.0,97.0,5.0,2.0,42.0,76.0,235.0,15.0,0.29,0.356,0.5,0.856,0.1502,0.083,0.2103,0.0375,3.0
Sonny DiChiara,Never Debuted,26.0,1B,0,0.0,4,22.0,0.8,187.0,857.0,659.0,152.0,210.0,34.0,0.0,63.0,181.0,0.0,0.0,156.0,184.0,433.0,26.0,0.319,0.44,0.624,1.065,0.2147,0.182,0.3047,0.0735,0.0
Guy Lipscomb,Never Debuted,24.0,OF,0,0.0,2,21.0,-0.7,92.0,391.0,333.0,80.0,118.0,16.0,3.0,4.0,48.0,56.0,9.0,40.0,35.0,152.0,9.0,0.332,0.406,0.416,0.823,0.0895,0.1023,0.0835,0.0102,47.0
Cade Hunter,Never Debuted,25.0,C,0,0.0,3,21.0,0.0,87.0,347.0,286.0,57.0,87.0,16.0,0.0,21.0,83.0,14.0,1.0,43.0,82.0,166.0,14.0,0.273,0.389,0.499,0.888,0.2363,0.1239,0.2267,0.0605,13.0
Victor Scott II,1.4,25.0,CF,1,1.4,3,21.0,-0.2,121.0,497.0,394.0,79.0,100.0,20.0,6.0,11.0,75.0,62.0,10.0,69.0,113.0,165.0,10.0,0.244,0.34,0.422,0.762,0.2274,0.1388,0.178,0.0221,52.0
Jalen Battles,Never Debuted,26.0,SS,0,0.0,2,22.0,0.8,127.0,539.0,462.0,99.0,129.0,27.0,1.0,16.0,88.0,7.0,2.0,63.0,113.0,206.0,5.0,0.279,0.368,0.444,0.812,0.2096,0.1169,0.1645,0.0297,5.0
Sean McLain,Never Debuted,24.0,SS,0,0.0,3,21.0,0.1,113.0,506.0,433.0,102.0,142.0,31.0,4.0,10.0,71.0,9.0,6.0,34.0,95.0,211.0,31.0,0.328,0.408,0.489,0.897,0.1877,0.0672,0.161,0.0198,3.0
Douglas Hodo III,Never Debuted,25.0,OF,0,0.0,3,21.0,-0.2,149.0,665.0,537.0,132.0,157.0,35.0,3.0,16.0,95.0,17.0,7.0,86.0,153.0,246.0,17.0,0.249,0.391,0.388,0.779,0.2301,0.1293,0.1393,0.0241,10.0
Jorel Ortega,Never Debuted,25.0,2B,0,0.0,2,21.0,-0.2,79.0,300.0,262.0,66.0,80.0,21.0,4.0,19.0,64.0,3.0,1.0,31.0,52.0,166.0,6.0,0.236,0.366,0.484,0.85,0.1733,0.1033,0.2485,0.0633,2.0
Hayden Dunhurst,Never Debuted,25.0,C,0,0.0,3,21.0,-0.2,138.0,548.0,453.0,86.0,118.0,20.0,2.0,18.0,88.0,4.0,2.0,75.0,129.0,196.0,13.0,0.26,0.37,0.466,0.836,0.2354,0.1369,0.2057,0.0328,2.0
Danny Serretti,Never Debuted,25.0,3B,0,0.0,4,22.0,1.0,199.0,898.0,783.0,143.0,237.0,55.0,7.0,22.0,145.0,9.0,3.0,96.0,140.0,372.0,9.0,0.291,0.374,0.439,0.813,0.1559,0.1069,0.148,0.0245,6.0
Jakob Marsee,5.5,24.0,CF,1,5.5,3,21.0,-0.5,134.0,590.0,465.0,119.0,144.0,25.0,8.0,12.0,101.0,26.0,6.0,91.0,82.0,221.0,17.0,0.294,0.431,0.453,0.884,0.139,0.1542,0.159,0.0203,20.0
Brennan Milone,Never Debuted,24.0,3B,0,0.0,3,21.0,0.1,103.0,443.0,375.0,73.0,110.0,25.0,0.0,15.0,67.0,3.0,0.0,58.0,84.0,180.0,7.0,0.236,0.39,0.451,0.841,0.1896,0.1309,0.215,0.0339,3.0
Josh Hood,Never Debuted,25.0,SS,0,0.0,3,21.0,0.0,106.0,520.0,450.0,89.0,132.0,30.0,4.0,21.0,100.0,5.0,4.0,51.0,87.0,233.0,8.0,0.287,0.339,0.473,0.813,0.1673,0.0981,0.186,0.0404,1.0
Collin Price,Never Debuted,26.0,C,0,0.0,4,22.0,0.8,181.0,758.0,620.0,131.0,174.0,27.0,2.0,34.0,131.0,8.0,2.0,103.0,99.0,307.0,21.0,0.24,0.37,0.416,0.786,0.1306,0.1359,0.175,0.0449,6.0
Kody Huff,Never Debuted,25.0,C,0,0.0,3,21.0,0.1,130.0,552.0,476.0,95.0,135.0,33.0,1.0,18.0,88.0,3.0,0.0,57.0,87.0,224.0,12.0,0.246,0.341,0.375,0.716,0.1576,0.1033,0.1293,0.0326,3.0
Seth Stephenson,Never Debuted,25.0,OF,0,0.0,1,21.0,-0.2,59.0,207.0,183.0,46.0,62.0,17.0,1.0,4.0,28.0,25.0,5.0,15.0,41.0,93.0,7.0,0.339,0.408,0.508,0.916,0.1981,0.0725,0.169,0.0193,20.0
Nick Vogt,Never Debuted,25.0,OF,0,0.0,3,21.0,-0.1,105.0,338.0,281.0,67.0,79.0,16.0,5.0,8.0,59.0,14.0,6.0,34.0,64.0,129.0,17.0,0.231,0.362,0.338,0.7,0.1893,0.1006,0.1077,0.0237,8.0
Caleb Ricketts,Never Debuted,25.0,C,0,0.0,4,22.0,0.9,146.0,622.0,548.0,106.0,176.0,33.0,4.0,18.0,110.0,14.0,8.0,40.0,83.0,271.0,23.0,0.314,0.38,0.453,0.834,0.1334,0.0643,0.1387,0.0289,6.0
Trey Faltine,Never Debuted,25.0,SS,0,0.0,3,21.0,-0.2,152.0,633.0,516.0,123.0,137.0,39.0,1.0,21.0,100.0,15.0,5.0,74.0,187.0,241.0,25.0,0.263,0.37,0.438,0.808,0.2954,0.1169,0.175,0.0332,10.0
Alex Iadisernia,Never Debuted,25.0,OF,0,0.0,3,21.0,-0.3,116.0,526.0,439.0,87.0,137.0,30.0,5.0,16.0,84.0,23.0,9.0,68.0,64.0,225.0,8.0,0.306,0.401,0.481,0.883,0.1217,0.1293,0.1753,0.0304,14.0
Peyton Williams,Never Debuted,25.0,1B,0,0.0,3,21.0,-0.1,107.0,492.0,388.0,102.0,123.0,36.0,4.0,21.0,84.0,5.0,0.0,77.0,83.0,230.0,24.0,0.309,0.441,0.571,1.011,0.1687,0.1565,0.2617,0.0427,5.0
Ben Metzinger,Never Debuted,26.0,3B,0,0.0,4,23.0,2.0,107.0,455.0,379.0,89.0,116.0,17.0,2.0,24.0,91.0,13.0,1.0,65.0,66.0,209.0,7.0,0.302,0.396,0.477,0.873,0.1451,0.1429,0.175,0.0527,12.0
Blake Robertson,Never Debuted,24.0,1B,0,0.0,2,21.0,-0.2,71.0,334.0,258.0,62.0,77.0,24.0,2.0,5.0,52.0,12.0,2.0,69.0,56.0,120.0,4.0,0.15,0.226,0.234,0.46,0.1677,0.2066,0.0835,0.015,10.0
Zach Morgan,Never Debuted,25.0,C,0,0.0,3,22.0,0.7,113.0,478.0,418.0,81.0,144.0,27.0,1.0,11.0,66.0,3.0,3.0,38.0,46.0,206.0,10.0,0.336,0.397,0.451,0.848,0.0962,0.0795,0.115,0.023,0.0
Griffin Doersching,Never Debuted,27.0,1B,0,0.0,5,23.0,1.8,203.0,892.0,747.0,133.0,199.0,51.0,1.0,62.0,211.0,4.0,1.0,125.0,227.0,438.0,9.0,0.265,0.361,0.563,0.924,0.2545,0.1401,0.2978,0.0695,3.0
Tatem Levins,Never Debuted,26.0,C,0,0.0,4,23.0,2.0,175.0,778.0,649.0,136.0,207.0,45.0,4.0,33.0,166.0,4.0,5.0,88.0,83.0,359.0,26.0,0.32,0.411,0.541,0.952,0.1067,0.1131,0.2213,0.0424,-1.0
Dylan Rock,Never Debuted,27.0,OF,0,0.0,5,23.0,1.8,238.0,1083.0,881.0,214.0,281.0,58.0,4.0,37.0,178.0,45.0,13.0,141.0,168.0,458.0,44.0,0.324,0.43,0.515,0.945,0.1551,0.1302,0.1904,0.0342,32.0
Brett Barrera,Never Debuted,24.0,SS,0,0.0,3,21.0,0.1,94.0,383.0,344.0,64.0,108.0,21.0,3.0,15.0,63.0,0.0,0.0,24.0,59.0,180.0,6.0,0.239,0.312,0.397,0.709,0.154,0.0627,0.158,0.0392,0.0
Mario Camilletti,Never Debuted,26.0,2B,0,0.0,5,23.0,1.5,229.0,1067.0,816.0,208.0,267.0,54.0,2.0,14.0,144.0,32.0,5.0,207.0,138.0,367.0,23.0,0.313,0.459,0.433,0.893,0.1293,0.194,0.1198,0.0131,27.0
Taylor Young,Never Debuted,27.0,2B,0,0.0,5,23.0,1.8,249.0,1183.0,900.0,272.0,296.0,60.0,5.0,29.0,150.0,59.0,13.0,198.0,153.0,453.0,52.0,0.323,0.459,0.503,0.962,0.1293,0.1674,0.1796,0.0245,46.0
Wade Meckler,-0.1,25.0,OF,1,-0.1,3,22.0,1.1,135.0,513.0,420.0,107.0,137.0,33.0,4.0,6.0,54.0,16.0,6.0,76.0,87.0,196.0,7.0,0.25,0.417,0.35,0.767,0.1696,0.1481,0.1,0.0117,10.0
Adam Crampton,Never Debuted,24.0,SS,0,0.0,3,21.0,0.1,130.0,505.0,425.0,63.0,126.0,17.0,2.0,3.0,59.0,15.0,3.0,41.0,74.0,156.0,11.0,0.268,0.334,0.318,0.652,0.1465,0.0812,0.0503,0.0059,12.0
Gavin Logan,Never Debuted,26.0,C,0,0.0,2,22.0,1.1,55.0,220.0,189.0,32.0,54.0,14.0,2.0,4.0,40.0,1.0,0.0,24.0,21.0,84.0,2.0,0.3,0.372,0.488,0.86,0.0955,0.1091,0.1885,0.0182,1.0
Maxwell Romero Jr.,Never Debuted,24.0,C,0,0.0,2,21.0,0.0,80.0,320.0,267.0,55.0,74.0,19.0,0.0,16.0,68.0,1.0,0.0,44.0,84.0,141.0,6.0,0.286,0.402,0.564,0.966,0.2625,0.1375,0.2775,0.05,1.0
Andrew Jenkins,Never Debuted,25.0,1B,0,0.0,3,21.0,0.0,109.0,492.0,422.0,104.0,148.0,35.0,2.0,26.0,105.0,7.0,2.0,31.0,113.0,265.0,26.0,0.349,0.402,0.565,0.966,0.2297,0.063,0.2157,0.0528,5.0
Joe Stewart,Never Debuted,27.0,OF,0,0.0,4,24.0,2.9,119.0,487.0,433.0,94.0,137.0,27.0,3.0,18.0,81.0,28.0,6.0,38.0,111.0,224.0,9.0,0.2,0.241,0.316,0.557,0.2279,0.078,0.1153,0.037,22.0
Chase Estep,Never Debuted,25.0,3B,0,0.0,3,22.0,0.8,111.0,469.0,402.0,80.0,115.0,27.0,2.0,14.0,73.0,22.0,5.0,53.0,93.0,188.0,6.0,0.293,0.367,0.443,0.81,0.1983,0.113,0.1507,0.0299,17.0
Chad Castillo,Never Debuted,25.0,OF,0,0.0,4,22.0,0.4,178.0,787.0,688.0,130.0,243.0,44.0,4.0,17.0,135.0,29.0,12.0,60.0,145.0,346.0,19.0,0.351,0.419,0.496,0.915,0.1842,0.0762,0.1455,0.0216,17.0
Caeden Trenkle,Never Debuted,24.0,OF,0,0.0,3,21.0,-0.2,131.0,557.0,456.0,112.0,133.0,23.0,10.0,14.0,91.0,19.0,5.0,67.0,121.0,218.0,22.0,0.301,0.402,0.51,0.911,0.2172,0.1203,0.2087,0.0251,14.0
Cory Acton,Never Debuted,26.0,2B,0,0.0,4,23.0,1.8,158.0,601.0,488.0,74.0,122.0,21.0,0.0,12.0,74.0,10.0,6.0,89.0,131.0,179.0,16.0,0.24,0.387,0.335,0.722,0.218,0.1481,0.0952,0.02,4.0
Michael Turner,Never Debuted,27.0,C,0,0.0,5,23.0,1.8,182.0,762.0,648.0,110.0,209.0,38.0,5.0,20.0,141.0,10.0,2.0,91.0,108.0,317.0,7.0,0.314,0.401,0.472,0.873,0.1417,0.1194,0.1584,0.0262,8.0
Brett Johnson,Never Debuted,26.0,OF,0,0.0,2,22.0,0.3,105.0,505.0,407.0,107.0,134.0,25.0,7.0,33.0,96.0,20.0,4.0,78.0,86.0,272.0,14.0,0.328,0.448,0.662,1.11,0.1703,0.1545,0.334,0.0653,16.0
Josh Hatcher,Never Debuted,27.0,OF,0,0.0,5,23.0,1.5,231.0,858.0,768.0,133.0,235.0,48.0,6.0,25.0,117.0,26.0,6.0,64.0,153.0,370.0,16.0,0.294,0.352,0.458,0.81,0.1783,0.0746,0.1642,0.0291,20.0
Tanner Tredaway,Never Debuted,26.0,OF,0,0.0,4,22.0,0.8,173.0,751.0,653.0,130.0,217.0,37.0,8.0,15.0,118.0,42.0,10.0,64.0,83.0,315.0,10.0,0.329,0.39,0.492,0.883,0.1105,0.0852,0.163,0.02,32.0
Murphy Stehly,Never Debuted,27.0,3B,0,0.0,3,23.0,1.8,110.0,417.0,368.0,80.0,127.0,29.0,2.0,20.0,78.0,11.0,2.0,25.0,69.0,220.0,15.0,0.306,0.364,0.49,0.855,0.1655,0.06,0.1847,0.048,9.0
Dalton Shuffield,Never Debuted,26.0,SS,0,0.0,5,23.0,1.4,211.0,916.0,791.0,179.0,259.0,53.0,12.0,20.0,117.0,42.0,9.0,87.0,109.0,396.0,7.0,0.317,0.384,0.472,0.856,0.119,0.095,0.155,0.0218,33.0
Levi Usher,Never Debuted,25.0,OF,0,0.0,3,22.0,1.0,129.0,509.0,436.0,95.0,122.0,19.0,4.0,12.0,76.0,73.0,6.0,58.0,128.0,185.0,10.0,0.304,0.401,0.444,0.846,0.2515,0.1139,0.14,0.0236,67.0
Matt Coutney,Never Debuted,26.0,1B,0,0.0,3,22.0,0.8,133.0,581.0,476.0,127.0,156.0,31.0,1.0,39.0,125.0,4.0,1.0,76.0,110.0,306.0,25.0,0.315,0.434,0.581,1.015,0.1893,0.1308,0.2657,0.0671,3.0
Brock Rodden,Never Debuted,25.0,2B,0,0.0,2,23.0,1.8,111.0,530.0,437.0,113.0,155.0,31.0,4.0,34.0,112.0,15.0,7.0,78.0,63.0,296.0,9.0,0.355,0.458,0.677,1.134,0.1189,0.1472,0.3225,0.0642,8.0
Bill Knight,Never Debuted,26.0,OF,0,0.0,4,22.0,0.8,189.0,798.0,682.0,166.0,209.0,49.0,5.0,33.0,155.0,16.0,3.0,62.0,121.0,367.0,32.0,0.3,0.38,0.508,0.888,0.1516,0.0777,0.2085,0.0414,13.0
Tim Elko,-3.2,27.0,1B,1,-3.2,5,23.0,1.8,189.0,664.0,566.0,136.0,166.0,27.0,2.0,46.0,159.0,8.0,1.0,86.0,184.0,335.0,8.0,0.281,0.358,0.535,0.893,0.2771,0.1295,0.2544,0.0693,7.0
Zach Cole,6.2,25.0,CF,1,6.2,3,21.0,-0.5,77.0,262.0,221.0,59.0,74.0,12.0,9.0,13.0,50.0,10.0,2.0,29.0,68.0,143.0,11.0,0.237,0.37,0.402,0.771,0.2595,0.1107,0.1647,0.0496,8.0
Patrick Mazeika,-0.2,27,,1,-0.2,3,21.0,0.3,174.0,775.0,620.0,123.0,216.0,42.0,3.0,12.0,113.0,3.0,0.0,99.0,53.0,300.0,48.0,0.348,0.469,0.484,0.953,0.0684,0.1277,0.136,0.0155,3.0
LaMonte Wade Jr.,0,25,,1,0.0,3,21.0,0.1,159.0,738.0,585.0,103.0,161.0,33.0,5.0,7.0,95.0,25.0,8.0,107.0,92.0,225.0,12.0,0.281,0.399,0.393,0.792,0.1247,0.145,0.112,0.0095,17.0
Kevin Kaczmarski,-0.1,26,,1,-0.1,4,23.0,2.2,215.0,1000.0,841.0,169.0,296.0,66.0,22.0,16.0,171.0,47.0,16.0,107.0,149.0,454.0,21.0,0.356,0.435,0.546,0.981,0.149,0.107,0.1907,0.016,31.0
Nick Senzel,0.1,24,,1,0.1,3,21.0,0.4,160.0,704.0,590.0,127.0,196.0,49.0,8.0,13.0,126.0,46.0,10.0,93.0,82.0,300.0,11.0,0.331,0.425,0.504,0.929,0.1165,0.1321,0.173,0.0185,36.0
Corey Ray,0,26,,1,0.0,3,21.0,0.5,172.0,698.0,610.0,112.0,194.0,36.0,8.0,27.0,133.0,82.0,19.0,72.0,124.0,327.0,7.0,0.32,0.398,0.523,0.92,0.1777,0.1032,0.203,0.0387,63.0
Kyle Lewis,0.5,23,,1,0.5,3,20.0,-0.9,156.0,654.0,534.0,140.0,196.0,33.0,2.0,39.0,145.0,11.0,13.0,94.0,105.0,350.0,12.0,0.352,0.437,0.603,1.04,0.1606,0.1437,0.2507,0.0596,-2.0
Matt Thaiss,0.3,24,,1,0.3,3,21.0,0.5,152.0,648.0,551.0,115.0,187.0,36.0,2.0,20.0,130.0,4.0,1.0,72.0,55.0,287.0,17.0,0.323,0.398,0.478,0.876,0.0849,0.1111,0.1557,0.0309,3.0
Will Craig,-0.1,25,,1,-0.1,3,21.0,0.5,164.0,705.0,562.0,126.0,195.0,42.0,1.0,37.0,160.0,3.0,2.0,108.0,92.0,350.0,21.0,0.347,0.458,0.624,1.082,0.1305,0.1532,0.277,0.0525,1.0
Will Smith,1.7,24,,1,1.7,3,21.0,0.5,151.0,503.0,412.0,75.0,120.0,20.0,1.0,9.0,70.0,14.0,3.0,48.0,50.0,169.0,27.0,0.282,0.382,0.39,0.773,0.0994,0.0954,0.1087,0.0179,11.0
Chris Okey,-0.2,27,,1,-0.2,3,21.0,0.5,186.0,827.0,700.0,138.0,211.0,41.0,4.0,31.0,172.0,10.0,5.0,100.0,136.0,353.0,12.0,0.301,0.388,0.502,0.89,0.1644,0.1209,0.2013,0.0375,5.0
Sheldon Neuse,0.3,24,,1,0.3,3,21.0,0.3,174.0,773.0,667.0,111.0,209.0,42.0,15.0,23.0,138.0,29.0,10.0,90.0,120.0,350.0,2.0,0.316,0.392,0.53,0.922,0.1552,0.1164,0.2143,0.0298,19.0
Bryan Reynolds,4.2,24,,1,4.2,3,21.0,0.4,206.0,929.0,791.0,168.0,260.0,58.0,9.0,22.0,159.0,39.0,13.0,103.0,174.0,402.0,18.0,0.329,0.415,0.515,0.929,0.1873,0.1109,0.1863,0.0237,26.0
Ronnie Dawson,-0.1,26,,1,-0.1,3,21.0,0.3,175.0,774.0,677.0,117.0,214.0,50.0,7.0,24.0,110.0,47.0,17.0,79.0,119.0,350.0,10.0,0.316,0.393,0.51,0.902,0.1537,0.1021,0.1943,0.031,30.0
Nick Solak,0.7,24,,1,0.7,3,21.0,0.5,159.0,623.0,506.0,125.0,175.0,34.0,3.0,10.0,94.0,36.0,14.0,71.0,67.0,245.0,23.0,0.35,0.447,0.489,0.936,0.1075,0.114,0.1387,0.0161,22.0
Pete Alonso,5.4,24,,1,5.4,3,21.0,0.4,157.0,651.0,551.0,102.0,174.0,34.0,4.0,23.0,124.0,3.0,1.0,68.0,88.0,285.0,23.0,0.313,0.404,0.513,0.916,0.1352,0.1045,0.1997,0.0353,2.0
Garrett Hampson,0.1,23,,1,0.1,3,21.0,0.4,174.0,806.0,704.0,137.0,213.0,35.0,7.0,3.0,62.0,50.0,18.0,63.0,113.0,271.0,13.0,0.302,0.367,0.384,0.751,0.1402,0.0782,0.0823,0.0037,32.0
Sean Murphy,0.6,24,,1,0.6,3,21.0,0.2,154.0,669.0,563.0,129.0,174.0,26.0,10.0,14.0,104.0,23.0,5.0,76.0,85.0,262.0,22.0,0.306,0.408,0.47,0.878,0.1271,0.1136,0.1643,0.0209,18.0
Alex Call,0.4,27,,1,0.4,3,21.0,0.2,166.0,786.0,679.0,152.0,238.0,49.0,8.0,19.0,110.0,31.0,17.0,71.0,85.0,360.0,20.0,0.35,0.424,0.525,0.949,0.1081,0.0903,0.1743,0.0242,14.0
Austin Hays,-0.5,21,,1,-0.5,2,20.0,-0.6,110.0,499.0,442.0,90.0,137.0,26.0,5.0,19.0,78.0,24.0,7.0,40.0,67.0,230.0,10.0,0.31,0.376,0.52,0.895,0.1343,0.0802,0.21,0.0381,17.0
Jake Rogers,-0.6,24,,1,-0.6,3,21.0,0.4,169.0,662.0,550.0,84.0,128.0,19.0,1.0,7.0,57.0,18.0,4.0,73.0,92.0,170.0,14.0,0.23,0.326,0.301,0.627,0.139,0.1103,0.0713,0.0106,14.0
Bobby Dalbec,0.6,25,,1,0.6,3,21.0,0.4,174.0,724.0,613.0,107.0,173.0,34.0,4.0,24.0,123.0,8.0,7.0,86.0,193.0,287.0,9.0,0.282,0.371,0.462,0.833,0.2666,0.1188,0.18,0.0331,1.0
Zach Remillard,0.1,29,,1,0.1,4,22.0,1.2,243.0,1014.0,895.0,149.0,251.0,48.0,4.0,31.0,168.0,28.0,9.0,68.0,202.0,400.0,16.0,0.273,0.33,0.428,0.758,0.1992,0.0671,0.1542,0.0306,19.0
Pavin Smith,0.2,24,,1,0.2,3,21.0,0.4,186.0,850.0,721.0,133.0,235.0,40.0,6.0,28.0,178.0,6.0,7.0,100.0,75.0,371.0,7.0,0.327,0.405,0.518,0.922,0.0882,0.1176,0.1907,0.0329,-1.0
Adam Haseley,1.8,23,,1,1.8,3,21.0,0.4,185.0,879.0,741.0,184.0,229.0,46.0,10.0,21.0,111.0,18.0,6.0,111.0,102.0,358.0,11.0,0.314,0.408,0.495,0.903,0.116,0.1263,0.181,0.0239,12.0
Keston Hiura,1.8,22,,1,1.8,3,20.0,-0.8,165.0,767.0,630.0,129.0,236.0,54.0,5.0,22.0,135.0,16.0,12.0,92.0,123.0,366.0,28.0,0.377,0.465,0.584,1.049,0.1604,0.1199,0.2073,0.0287,4.0
Jake Burger,0.4,25,,1,0.4,3,21.0,0.2,176.0,821.0,710.0,169.0,241.0,48.0,5.0,47.0,179.0,10.0,7.0,79.0,102.0,440.0,24.0,0.34,0.418,0.618,1.036,0.1242,0.0962,0.2787,0.0572,3.0
Evan White,-0.1,24,,1,-0.1,3,21.0,0.3,159.0,739.0,655.0,119.0,233.0,51.0,5.0,17.0,109.0,18.0,6.0,54.0,106.0,345.0,18.0,0.356,0.414,0.527,0.941,0.1434,0.0731,0.1717,0.023,12.0
Stuart Fairchild,0,25,,1,0.0,3,21.0,0.4,177.0,815.0,688.0,146.0,230.0,53.0,4.0,27.0,155.0,47.0,10.0,88.0,136.0,372.0,26.0,0.334,0.424,0.534,0.958,0.1669,0.108,0.2003,0.0331,37.0
Greg Deichmann,-0.4,26,,1,-0.4,3,22.0,1.3,146.0,595.0,510.0,100.0,150.0,29.0,3.0,30.0,130.0,12.0,9.0,73.0,104.0,275.0,5.0,0.199,0.345,0.364,0.709,0.1748,0.1227,0.1653,0.0504,3.0
Drew Ellis,-0.7,25,,1,-0.7,2,21.0,0.4,112.0,402.0,325.0,75.0,111.0,24.0,1.0,23.0,83.0,9.0,3.0,57.0,55.0,206.0,6.0,0.332,0.437,0.584,1.022,0.1368,0.1418,0.2525,0.0572,6.0
Charles Leblanc,0.7,26,,1,0.7,2,20.0,-0.5,100.0,466.0,391.0,76.0,136.0,21.0,6.0,5.0,76.0,13.0,6.0,51.0,75.0,184.0,11.0,0.348,0.432,0.471,0.903,0.1609,0.1094,0.123,0.0107,7.0
Joshua Palacios,-0.1,25,,1,-0.1,1,20.0,-0.6,34.0,165.0,143.0,34.0,55.0,9.0,4.0,5.0,23.0,12.0,5.0,19.0,27.0,87.0,2.0,0.385,0.463,0.608,1.072,0.1636,0.1152,0.223,0.0303,7.0
Brian Serven,0,27,,1,0.0,3,21.0,0.4,162.0,663.0,578.0,81.0,162.0,33.0,2.0,13.0,97.0,5.0,2.0,48.0,100.0,238.0,21.0,0.279,0.353,0.409,0.762,0.1508,0.0724,0.13,0.0196,3.0
Donovan Walton,0,25,,1,0.0,4,22.0,1.3,225.0,1026.0,821.0,143.0,259.0,46.0,3.0,11.0,135.0,31.0,10.0,117.0,125.0,344.0,18.0,0.315,0.404,0.422,0.826,0.1218,0.114,0.1073,0.0107,21.0
Daniel Johnson,-0.3,24,,1,-0.3,2,20.0,-0.6,100.0,464.0,397.0,96.0,140.0,19.0,7.0,14.0,66.0,31.0,6.0,39.0,57.0,215.0,13.0,0.344,0.42,0.514,0.934,0.1228,0.0841,0.17,0.0302,25.0
Cavan Biggio,3.1,24,,1,3.1,3,21.0,0.5,167.0,762.0,604.0,117.0,164.0,34.0,7.0,15.0,70.0,33.0,4.0,125.0,118.0,257.0,18.0,0.272,0.403,0.423,0.826,0.1549,0.164,0.1513,0.0197,29.0
Nicky Lopez,-0.2,24,,1,-0.2,3,21.0,0.1,146.0,643.0,519.0,84.0,144.0,18.0,12.0,2.0,61.0,25.0,5.0,64.0,48.0,192.0,25.0,0.276,0.377,0.364,0.741,0.0747,0.0995,0.0883,0.0031,20.0
Tres Barrera,-0.1,24,,1,-0.1,3,21.0,0.3,179.0,785.0,664.0,105.0,185.0,38.0,6.0,20.0,106.0,3.0,2.0,82.0,134.0,295.0,18.0,0.279,0.37,0.446,0.817,0.1707,0.1045,0.1667,0.0255,1.0
Tommy Edman,4,24,,1,4.0,3,21.0,0.4,168.0,733.0,631.0,98.0,177.0,31.0,5.0,4.0,71.0,15.0,8.0,77.0,57.0,230.0,6.0,0.279,0.361,0.364,0.724,0.0778,0.105,0.0847,0.0055,7.0
Jake Noll,-0.1,25,,1,-0.1,3,22.0,1.4,172.0,828.0,739.0,151.0,267.0,44.0,4.0,15.0,131.0,49.0,13.0,61.0,78.0,364.0,14.0,0.361,0.416,0.494,0.911,0.0942,0.0737,0.1337,0.0181,36.0
Andrew Knizner,0.2,24,,1,0.2,3,21.0,0.5,169.0,756.0,679.0,106.0,210.0,26.0,1.0,15.0,118.0,3.0,0.0,37.0,75.0,283.0,23.0,0.31,0.361,0.418,0.78,0.0992,0.0489,0.108,0.0198,3.0
Gavin Sheets,0.1,25,,1,0.1,3,21.0,0.4,166.0,707.0,604.0,107.0,185.0,28.0,1.0,32.0,149.0,2.0,0.0,83.0,89.0,311.0,8.0,0.298,0.379,0.487,0.866,0.1259,0.1174,0.1893,0.0453,2.0
Joe Dunand,11,26,,1,11.0,3,21.0,0.4,178.0,744.0,660.0,108.0,177.0,42.0,4.0,29.0,132.0,6.0,3.0,52.0,123.0,314.0,18.0,0.268,0.334,0.479,0.813,0.1653,0.0699,0.2113,0.039,3.0
Taylor Walls,1.4,24,,1,1.4,3,20.0,-0.6,196.0,932.0,735.0,197.0,209.0,33.0,5.0,14.0,115.0,31.0,5.0,178.0,145.0,294.0,8.0,0.283,0.424,0.395,0.82,0.1556,0.191,0.1127,0.015,26.0
Riley Adams,0.5,25,,1,0.5,3,21.0,0.3,159.0,689.0,567.0,113.0,173.0,39.0,1.0,24.0,110.0,8.0,4.0,89.0,151.0,286.0,21.0,0.303,0.405,0.498,0.903,0.2192,0.1292,0.1957,0.0348,4.0
Connor Wong,0.3,25,,1,0.3,3,21.0,0.3,184.0,856.0,733.0,152.0,205.0,32.0,8.0,23.0,104.0,38.0,8.0,98.0,133.0,322.0,13.0,0.28,0.371,0.437,0.808,0.1554,0.1145,0.1573,0.0269,30.0
Jason Delay,-0.4,27,,1,-0.4,3,21.0,0.4,129.0,437.0,362.0,61.0,93.0,27.0,0.0,2.0,68.0,2.0,4.0,34.0,87.0,126.0,19.0,0.259,0.348,0.352,0.699,0.1991,0.0778,0.0927,0.0046,-2.0
Kramer Robertson,-0.1,27,,1,-0.1,4,22.0,1.3,212.0,843.0,705.0,175.0,206.0,45.0,6.0,11.0,107.0,27.0,8.0,89.0,82.0,296.0,31.0,0.266,0.374,0.372,0.746,0.0973,0.1056,0.1062,0.013,19.0
Kevin Smith,-0.3,24,,1,-0.3,3,20.0,-0.7,177.0,776.0,675.0,132.0,180.0,33.0,5.0,28.0,117.0,15.0,6.0,59.0,132.0,307.0,11.0,0.267,0.33,0.461,0.79,0.1701,0.076,0.1943,0.0361,9.0
Ernie Clement,-0.1,25,,1,-0.1,3,21.0,0.4,179.0,836.0,741.0,143.0,227.0,24.0,8.0,4.0,86.0,23.0,14.0,34.0,31.0,279.0,17.0,0.304,0.344,0.374,0.717,0.0371,0.0407,0.0697,0.0048,9.0
Dalton Guthrie,0.4,26,,1,0.4,3,21.0,0.3,201.0,931.0,814.0,141.0,235.0,37.0,1.0,7.0,71.0,25.0,18.0,81.0,112.0,295.0,17.0,0.288,0.359,0.362,0.722,0.1203,0.087,0.074,0.0075,7.0
Dane Myers,-0.4,27,,1,-0.4,3,21.0,0.0,139.0,518.0,445.0,85.0,139.0,16.0,9.0,10.0,66.0,20.0,6.0,52.0,97.0,203.0,11.0,0.266,0.382,0.361,0.744,0.1873,0.1004,0.0953,0.0193,14.0
Bryce Johnson,-0.3,26,,1,-0.3,3,21.0,0.2,184.0,829.0,711.0,147.0,240.0,28.0,7.0,3.0,97.0,69.0,19.0,69.0,102.0,291.0,32.0,0.335,0.415,0.405,0.82,0.123,0.0832,0.07,0.0036,50.0
Mason McCoy,0,28,,1,0.0,2,22.0,1.3,117.0,542.0,476.0,92.0,148.0,30.0,4.0,7.0,68.0,14.0,10.0,51.0,73.0,207.0,6.0,0.31,0.38,0.432,0.812,0.1347,0.0941,0.1225,0.0129,4.0
Mark Kolozsvary,0.1,26,,1,0.1,3,21.0,0.3,78.0,180.0,151.0,27.0,41.0,9.0,1.0,5.0,32.0,3.0,1.0,19.0,42.0,67.0,5.0,0.263,0.338,0.454,0.791,0.2333,0.1056,0.1907,0.0278,2.0
Jared Oliva,-0.2,24,,1,-0.2,3,21.0,0.7,173.0,682.0,596.0,105.0,167.0,38.0,12.0,9.0,110.0,27.0,10.0,52.0,120.0,256.0,9.0,0.278,0.339,0.422,0.761,0.176,0.0762,0.1443,0.0132,17.0
Corey Julks,0.3,27,,1,0.3,3,21.0,0.3,167.0,690.0,590.0,94.0,191.0,33.0,9.0,17.0,111.0,28.0,9.0,81.0,100.0,293.0,7.0,0.323,0.406,0.493,0.9,0.1449,0.1174,0.1703,0.0246,19.0
Rylan Bannon,-0.2,26,,1,-0.2,3,21.0,0.1,172.0,717.0,591.0,95.0,163.0,36.0,3.0,23.0,93.0,28.0,6.0,89.0,121.0,274.0,21.0,0.269,0.374,0.443,0.818,0.1688,0.1241,0.1747,0.0321,22.0
Mark Contreras,-0.1,27,,1,-0.1,4,22.0,1.2,167.0,645.0,561.0,86.0,179.0,35.0,10.0,3.0,71.0,25.0,12.0,51.0,127.0,243.0,15.0,0.282,0.369,0.373,0.742,0.1969,0.0791,0.0903,0.0047,13.0
Sean Bouchard,0.9,26,,1,0.9,3,21.0,0.7,137.0,547.0,464.0,71.0,134.0,28.0,7.0,13.0,88.0,10.0,2.0,56.0,116.0,215.0,13.0,0.28,0.367,0.443,0.81,0.2121,0.1024,0.163,0.0238,8.0
Michael Papierski,-0.6,26,,1,-0.6,3,21.0,0.3,147.0,451.0,342.0,61.0,84.0,17.0,0.0,15.0,69.0,6.0,1.0,76.0,77.0,146.0,9.0,0.237,0.395,0.399,0.794,0.1707,0.1685,0.1617,0.0333,5.0
Zach Reks,-0.1,27,,1,-0.1,3,23.0,2.3,155.0,598.0,498.0,81.0,158.0,26.0,3.0,10.0,74.0,20.0,6.0,66.0,64.0,220.0,14.0,0.298,0.372,0.417,0.79,0.107,0.1104,0.1193,0.0167,14.0
Joey Bart,0.3,23,,1,0.3,3,21.0,0.5,144.0,654.0,563.0,115.0,181.0,35.0,0.0,30.0,112.0,7.0,1.0,65.0,140.0,306.0,20.0,0.318,0.397,0.53,0.927,0.2141,0.0994,0.2117,0.0459,6.0
Alec Bohm,0.7,23,,1,0.7,3,21.0,0.1,166.0,722.0,635.0,121.0,201.0,40.0,4.0,33.0,125.0,14.0,3.0,77.0,84.0,348.0,6.0,0.316,0.389,0.544,0.933,0.1163,0.1066,0.2287,0.0457,11.0
Nick Madrigal,0.5,23,,1,0.5,3,21.0,0.6,151.0,707.0,612.0,132.0,221.0,40.0,11.0,8.0,103.0,39.0,7.0,58.0,37.0,307.0,11.0,0.36,0.419,0.5,0.919,0.0523,0.082,0.1397,0.0113,32.0
Jonathan India,4.1,24,,1,4.1,3,21.0,0.3,194.0,815.0,672.0,147.0,208.0,43.0,6.0,31.0,126.0,41.0,8.0,105.0,141.0,356.0,20.0,0.309,0.406,0.529,0.935,0.173,0.1288,0.2197,0.038,33.0
Travis Swaggerty,-0.2,24,,1,-0.2,3,20.0,-1.0,174.0,827.0,650.0,159.0,207.0,34.0,2.0,28.0,125.0,48.0,22.0,145.0,132.0,329.0,24.0,0.318,0.457,0.506,0.963,0.1596,0.1753,0.188,0.0339,26.0
Trevor Larnach,0.4,24,,1,0.4,3,21.0,0.6,156.0,622.0,505.0,106.0,157.0,36.0,1.0,22.0,128.0,6.0,3.0,96.0,134.0,261.0,13.0,0.269,0.385,0.419,0.805,0.2154,0.1543,0.1497,0.0354,3.0
Nico Hoerner,0.3,22,,1,0.3,3,21.0,0.6,168.0,769.0,692.0,116.0,210.0,43.0,10.0,3.0,97.0,18.0,7.0,48.0,73.0,282.0,7.0,0.302,0.349,0.404,0.753,0.0949,0.0624,0.1023,0.0039,11.0
Seth Beer,0.1,24,,1,0.1,3,21.0,0.5,188.0,879.0,647.0,172.0,208.0,41.0,1.0,56.0,177.0,4.0,1.0,180.0,98.0,419.0,42.0,0.323,0.49,0.649,1.139,0.1115,0.2048,0.3267,0.0637,3.0
Steele Walker,-0.2,25,,1,-0.2,3,21.0,0.3,170.0,743.0,648.0,132.0,211.0,47.0,4.0,24.0,136.0,14.0,6.0,75.0,114.0,338.0,13.0,0.325,0.402,0.52,0.922,0.1534,0.1009,0.1953,0.0323,8.0
Griffin Conine,0.8,26,,1,0.8,3,20.0,-0.5,156.0,631.0,518.0,115.0,145.0,29.0,4.0,31.0,114.0,12.0,1.0,95.0,135.0,275.0,14.0,0.263,0.38,0.467,0.847,0.2139,0.1506,0.204,0.0491,11.0
Kody Clemens,-0.2,26,,1,-0.2,3,22.0,1.3,176.0,754.0,633.0,111.0,180.0,31.0,6.0,34.0,123.0,11.0,4.0,86.0,126.0,325.0,9.0,0.278,0.369,0.492,0.861,0.1671,0.1141,0.2143,0.0451,7.0
Carlos Cortes,0.7,28,,1,0.7,2,21.0,0.3,112.0,472.0,398.0,80.0,109.0,18.0,1.0,27.0,85.0,13.0,3.0,65.0,59.0,210.0,4.0,0.275,0.376,0.532,0.909,0.125,0.1377,0.257,0.0572,10.0
Owen Miller,-1,24,,1,-1.0,3,21.0,-0.1,162.0,775.0,713.0,106.0,246.0,57.0,5.0,17.0,127.0,16.0,3.0,45.0,117.0,364.0,6.0,0.346,0.384,0.511,0.895,0.151,0.0581,0.1653,0.0219,13.0
Connor Kaiser,-0.1,26,,1,-0.1,3,21.0,0.3,167.0,643.0,535.0,101.0,139.0,25.0,3.0,7.0,83.0,19.0,4.0,70.0,118.0,191.0,13.0,0.259,0.356,0.347,0.702,0.1835,0.1089,0.0883,0.0109,15.0
Cal Raleigh,-0.5,24,,1,-0.5,3,21.0,0.5,194.0,873.0,723.0,140.0,204.0,50.0,3.0,32.0,143.0,4.0,2.0,132.0,128.0,356.0,8.0,0.285,0.396,0.497,0.894,0.1466,0.1512,0.2127,0.0367,2.0
Ford Proctor,-0.2,25,,1,-0.2,3,21.0,0.1,185.0,831.0,698.0,133.0,231.0,48.0,5.0,15.0,124.0,11.0,7.0,110.0,113.0,334.0,9.0,0.331,0.422,0.479,0.901,0.136,0.1324,0.1477,0.0181,4.0
Kyle Isbel,0.6,24,,1,0.6,3,21.0,0.4,170.0,796.0,701.0,139.0,226.0,40.0,15.0,21.0,110.0,18.0,9.0,69.0,124.0,359.0,14.0,0.322,0.389,0.511,0.9,0.1558,0.0867,0.189,0.0264,9.0
Terrin Vavra,0,25,,1,0.0,3,21.0,0.2,140.0,629.0,544.0,114.0,190.0,27.0,10.0,13.0,96.0,15.0,4.0,56.0,70.0,276.0,7.0,0.348,0.405,0.497,0.902,0.1113,0.089,0.1487,0.0207,11.0
Richie Palacios,-0.2,25,,1,-0.2,3,21.0,0.0,163.0,762.0,633.0,154.0,205.0,38.0,8.0,19.0,98.0,76.0,12.0,103.0,56.0,316.0,19.0,0.323,0.43,0.5,0.93,0.0735,0.1352,0.1767,0.0249,64.0
Alfonso Rivas III,0.1,24,,1,0.1,3,21.0,0.6,173.0,750.0,628.0,124.0,203.0,37.0,5.0,15.0,141.0,9.0,6.0,85.0,112.0,295.0,23.0,0.32,0.412,0.464,0.876,0.1493,0.1133,0.144,0.02,3.0
Nick Fortes,0.2,24,,1,0.2,3,21.0,0.3,126.0,496.0,409.0,81.0,126.0,20.0,1.0,16.0,82.0,14.0,6.0,63.0,47.0,196.0,12.0,0.277,0.391,0.4,0.79,0.0948,0.127,0.1223,0.0323,8.0
DaShawn Keirsey Jr.,0,27,,1,0.0,3,21.0,0.6,154.0,704.0,634.0,122.0,212.0,42.0,11.0,8.0,83.0,27.0,14.0,50.0,103.0,300.0,12.0,0.335,0.392,0.476,0.868,0.1463,0.071,0.1407,0.0114,13.0
Matt Vierling,0.2,24,,1,0.2,3,21.0,0.5,166.0,731.0,647.0,92.0,194.0,30.0,7.0,23.0,114.0,15.0,3.0,73.0,103.0,307.0,7.0,0.299,0.374,0.473,0.847,0.1409,0.0999,0.174,0.0315,12.0
Grant Koch,-0.1,27,,1,-0.1,3,21.0,0.3,158.0,620.0,527.0,87.0,136.0,26.0,2.0,22.0,91.0,5.0,3.0,82.0,111.0,232.0,6.0,0.262,0.366,0.44,0.806,0.179,0.1323,0.1783,0.0355,2.0
Brandon Lockridge,0,27,,1,0.0,3,21.0,0.0,175.0,824.0,715.0,135.0,219.0,38.0,14.0,12.0,101.0,37.0,6.0,70.0,119.0,321.0,28.0,0.305,0.384,0.448,0.831,0.1444,0.085,0.1423,0.0146,31.0
Steven Kwan,5.7,24,,1,5.7,3,20.0,-0.4,156.0,597.0,481.0,96.0,158.0,16.0,9.0,3.0,66.0,22.0,10.0,82.0,38.0,201.0,7.0,0.3,0.388,0.388,0.776,0.0637,0.1374,0.088,0.005,12.0
Brendan Donovan,4,25,,1,4.0,3,21.0,0.0,173.0,764.0,604.0,137.0,188.0,41.0,7.0,15.0,128.0,19.0,11.0,120.0,88.0,288.0,22.0,0.31,0.435,0.474,0.909,0.1152,0.1571,0.1633,0.0196,8.0
David Fry,0.4,27,,1,0.4,4,22.0,1.2,221.0,1010.0,851.0,154.0,256.0,74.0,4.0,31.0,156.0,8.0,10.0,89.0,147.0,431.0,40.0,0.3,0.38,0.5,0.88,0.1455,0.0881,0.2005,0.0307,-2.0
James Outman,0.4,25,,1,0.4,3,21.0,0.1,147.0,590.0,498.0,93.0,124.0,35.0,6.0,23.0,99.0,24.0,5.0,80.0,135.0,240.0,8.0,0.235,0.338,0.452,0.791,0.2288,0.1356,0.217,0.039,19.0
Tyler Cropley,-0.1,27,,1,-0.1,2,22.0,1.2,114.0,491.0,404.0,84.0,123.0,28.0,2.0,18.0,86.0,10.0,7.0,58.0,69.0,209.0,17.0,0.305,0.41,0.518,0.928,0.1405,0.1181,0.2135,0.0367,3.0
Willie MacIver,-0.2,28,,1,-0.2,3,21.0,0.6,123.0,455.0,397.0,44.0,108.0,18.0,2.0,5.0,58.0,4.0,4.0,41.0,77.0,145.0,9.0,0.28,0.352,0.372,0.724,0.1692,0.0901,0.0927,0.011,0.0
Cal Stevenson,-0.2,25,,1,-0.2,3,21.0,0.6,162.0,733.0,585.0,163.0,189.0,27.0,13.0,5.0,81.0,23.0,8.0,110.0,73.0,257.0,10.0,0.321,0.431,0.437,0.868,0.0996,0.1501,0.1167,0.0068,15.0
Adley Rutschman,5.4,24,,1,5.4,3,21.0,0.5,185.0,821.0,644.0,151.0,227.0,39.0,5.0,28.0,174.0,6.0,4.0,156.0,117.0,360.0,4.0,0.351,0.467,0.562,1.03,0.1425,0.19,0.2107,0.0341,2.0
JJ Bleday,-0.7,24,,1,-0.7,3,21.0,0.3,161.0,711.0,571.0,131.0,186.0,27.0,2.0,33.0,109.0,3.0,4.0,126.0,107.0,316.0,7.0,0.324,0.448,0.518,0.965,0.1505,0.1772,0.194,0.0464,-1.0
Josh Jung,0,24,,1,0.0,3,21.0,0.1,191.0,907.0,747.0,189.0,260.0,54.0,9.0,33.0,181.0,7.0,8.0,128.0,120.0,431.0,23.0,0.347,0.453,0.576,1.029,0.1323,0.1411,0.229,0.0364,-1.0
Shea Langeliers,0.2,24,,1,0.2,3,21.0,0.1,157.0,718.0,622.0,125.0,180.0,41.0,5.0,31.0,124.0,9.0,6.0,77.0,111.0,324.0,7.0,0.291,0.371,0.522,0.893,0.1546,0.1072,0.231,0.0432,3.0
Bryson Stott,1.2,24,,1,1.2,3,21.0,0.2,171.0,812.0,688.0,157.0,234.0,61.0,7.0,15.0,97.0,34.0,8.0,109.0,81.0,354.0,7.0,0.338,0.429,0.511,0.94,0.0998,0.1342,0.173,0.0185,26.0
Will Wilson,-0.5,26,,1,-0.5,3,20.0,-0.5,175.0,806.0,699.0,146.0,220.0,57.0,7.0,39.0,158.0,4.0,3.0,85.0,137.0,408.0,12.0,0.315,0.394,0.586,0.98,0.17,0.1055,0.2703,0.0484,1.0
Braden Shewmake,-0.1,25,,1,-0.1,3,21.0,0.3,188.0,860.0,768.0,135.0,248.0,40.0,10.0,22.0,161.0,32.0,8.0,61.0,80.0,374.0,18.0,0.323,0.381,0.485,0.866,0.093,0.0709,0.1627,0.0256,24.0
Michael Toglia,-0.1,23,,1,-0.1,3,20.0,-0.5,178.0,774.0,644.0,134.0,198.0,51.0,6.0,36.0,156.0,7.0,4.0,111.0,174.0,369.0,8.0,0.304,0.408,0.565,0.973,0.2248,0.1434,0.2613,0.0465,3.0
Logan Davidson,-0.6,27,,1,-0.6,3,21.0,0.5,187.0,888.0,728.0,171.0,211.0,45.0,2.0,42.0,142.0,37.0,9.0,130.0,182.0,386.0,15.0,0.29,0.403,0.53,0.933,0.205,0.1464,0.2407,0.0473,28.0
Michael Busch,-0.4,25,,1,-0.4,3,21.0,0.5,184.0,790.0,618.0,169.0,174.0,32.0,1.0,32.0,142.0,14.0,8.0,143.0,101.0,304.0,21.0,0.272,0.417,0.47,0.886,0.1278,0.181,0.1977,0.0405,6.0
Matt Gorski,-0.3,27,,1,-0.3,3,21.0,0.2,165.0,713.0,617.0,127.0,189.0,32.0,5.0,24.0,108.0,57.0,9.0,70.0,134.0,303.0,3.0,0.305,0.375,0.484,0.859,0.1879,0.0982,0.179,0.0337,48.0
Aaron Schunk,0.2,26,,1,0.2,3,21.0,0.3,154.0,658.0,602.0,109.0,188.0,29.0,6.0,19.0,114.0,9.0,2.0,30.0,82.0,286.0,10.0,0.309,0.344,0.462,0.805,0.1246,0.0456,0.1523,0.0289,7.0
Josh Smith,0.2,24,,1,0.2,3,21.0,0.3,143.0,633.0,515.0,127.0,161.0,33.0,2.0,16.0,94.0,25.0,6.0,71.0,80.0,246.0,32.0,0.292,0.425,0.522,0.947,0.1264,0.1122,0.23,0.0253,19.0
Anthony Rendon,0.4,23,,1,0.4,1,21.0,0.3,63.0,302.0,214.0,58.0,70.0,20.0,2.0,6.0,37.0,13.0,5.0,80.0,33.0,112.0,7.0,0.327,0.52,0.523,1.043,0.1093,0.2649,0.196,0.0199,8.0
George Springer,2.0,24,,1,2.0,1,21.0,0.4,66.0,307.0,245.0,61.0,84.0,23.0,3.0,12.0,77.0,31.0,7.0,36.0,40.0,149.0,18.0,0.343,0.45,0.608,1.058,0.1303,0.1173,0.265,0.0391,24.0
C.J. Cron,-0.1,24,,1,-0.1,1,21.0,0.4,49.0,238.0,198.0,51.0,86.0,26.0,1.0,15.0,59.0,1.0,1.0,31.0,21.0,159.0,6.0,0.434,0.517,0.803,1.32,0.0882,0.1303,0.369,0.063,0.0
Joe Panik,1.9,23,,1,1.9,1,20.0,-0.6,58.0,281.0,226.0,60.0,90.0,19.0,3.0,10.0,57.0,21.0,6.0,44.0,24.0,145.0,9.0,0.398,0.509,0.642,1.15,0.0854,0.1566,0.244,0.0356,15.0
Brad Miller,2.1,23,,1,2.1,1,21.0,0.6,56.0,243.0,195.0,53.0,77.0,11.0,3.0,5.0,50.0,21.0,5.0,40.0,34.0,109.0,3.0,0.395,0.498,0.559,1.057,0.1399,0.1646,0.164,0.0206,16.0
Nick Ahmed,-0.1,24,,1,-0.1,1,21.0,0.4,51.0,236.0,190.0,52.0,62.0,11.0,2.0,2.0,35.0,23.0,6.0,27.0,18.0,83.0,8.0,0.326,0.425,0.437,0.862,0.0763,0.1144,0.111,0.0085,17.0
Andrew Susac,0.7,24,,1,0.7,1,21.0,0.6,40.0,178.0,141.0,31.0,42.0,9.0,4.0,5.0,32.0,0.0,1.0,28.0,36.0,74.0,6.0,0.298,0.429,0.525,0.954,0.2022,0.1573,0.227,0.0281,-1.0
Kyle Kubitza,-0.3,24,,1,-0.3,1,20.0,-0.8,64.0,298.0,226.0,59.0,70.0,12.0,7.0,10.0,66.0,16.0,3.0,54.0,48.0,126.0,7.0,0.31,0.446,0.558,1.003,0.1611,0.1812,0.248,0.0336,13.0
John Hicks,-0.5,25,,1,-0.5,1,21.0,0.6,68.0,308.0,277.0,52.0,92.0,21.0,1.0,8.0,59.0,5.0,4.0,18.0,19.0,139.0,5.0,0.332,0.373,0.502,0.875,0.0617,0.0584,0.17,0.026,1.0
Matt Skole,0.0,28,,1,0.0,1,21.0,0.6,61.0,283.0,233.0,56.0,81.0,16.0,0.0,10.0,58.0,1.0,3.0,44.0,33.0,127.0,1.0,0.348,0.445,0.545,0.99,0.1166,0.1555,0.197,0.0353,-2.0
Beau Taylor,0.0,28,,1,0.0,1,21.0,0.3,61.0,266.0,231.0,51.0,75.0,11.0,2.0,5.0,47.0,0.0,3.0,23.0,27.0,105.0,3.0,0.325,0.385,0.455,0.84,0.1015,0.0865,0.13,0.0188,-3.0
Taylor Featherston,-0.1,25,,1,-0.1,1,21.0,0.4,62.0,289.0,245.0,53.0,82.0,13.0,4.0,3.0,42.0,6.0,5.0,18.0,32.0,112.0,18.0,0.335,0.41,0.457,0.867,0.1107,0.0623,0.122,0.0104,1.0
Nick Martini,1.5,28,,1,1.5,1,21.0,0.2,61.0,278.0,221.0,48.0,72.0,15.0,4.0,1.0,44.0,24.0,4.0,37.0,27.0,98.0,12.0,0.326,0.442,0.443,0.885,0.0971,0.1331,0.117,0.0036,20.0
Kevan Smith,-0.1,28,,1,-0.1,1,23.0,2.4,54.0,243.0,209.0,59.0,83.0,17.0,4.0,11.0,56.0,10.0,1.0,22.0,20.0,141.0,8.0,0.397,0.465,0.675,1.14,0.0823,0.0905,0.278,0.0453,9.0
Danny Muno,-0.3,26,,1,-0.3,1,22.0,1.4,56.0,260.0,204.0,47.0,71.0,14.0,1.0,3.0,52.0,14.0,6.0,46.0,27.0,96.0,5.0,0.348,0.471,0.471,0.942,0.1038,0.1769,0.123,0.0115,8.0
Jason Krizan,0.0,33,,1,0.0,1,22.0,1.6,62.0,300.0,247.0,63.0,102.0,39.0,1.0,10.0,81.0,13.0,4.0,42.0,23.0,173.0,4.0,0.413,0.498,0.7,1.199,0.0767,0.14,0.287,0.0333,9.0
Tommy La Stella,0.1,25,,1,0.1,1,22.0,1.2,61.0,281.0,231.0,59.0,92.0,15.0,4.0,14.0,70.0,7.0,4.0,32.0,18.0,157.0,7.0,0.398,0.476,0.68,1.156,0.0641,0.1139,0.282,0.0498,3.0
Austin Barnes,0.1,25,,1,0.1,1,21.0,0.6,43.0,171.0,153.0,27.0,49.0,14.0,1.0,1.0,15.0,3.0,1.0,12.0,16.0,68.0,3.0,0.32,0.376,0.444,0.821,0.0936,0.0702,0.124,0.0058,2.0
Travis Shaw,1.1,25,,1,1.1,1,21.0,0.4,62.0,289.0,244.0,48.0,75.0,14.0,2.0,14.0,51.0,0.0,1.0,40.0,40.0,135.0,1.0,0.307,0.401,0.553,0.955,0.1384,0.1384,0.246,0.0484,-1.0
Curt Casali,-0.1,25,,1,-0.1,1,22.0,1.4,64.0,277.0,238.0,40.0,72.0,20.0,0.0,7.0,53.0,1.0,0.0,22.0,21.0,113.0,12.0,0.303,0.387,0.475,0.862,0.0758,0.0794,0.172,0.0253,1.0
Mike Zunino,0.4,22,,1,0.4,2,21.0,0.6,138.0,595.0,509.0,128.0,177.0,51.0,0.0,38.0,134.0,16.0,3.0,63.0,99.0,342.0,8.0,0.347,0.418,0.672,1.09,0.1664,0.1059,0.325,0.0639,13.0
Deven Marrero,-0.2,24,,1,-0.2,2,21.0,0.5,108.0,476.0,437.0,71.0,131.0,25.0,8.0,6.0,53.0,21.0,8.0,32.0,47.0,190.0,1.0,0.3,0.346,0.435,0.78,0.0987,0.0672,0.1355,0.0126,13.0
Richie Shaffer,-0.2,24,,1,-0.2,2,21.0,0.6,126.0,576.0,454.0,111.0,148.0,36.0,4.0,23.0,101.0,16.0,3.0,107.0,106.0,261.0,10.0,0.326,0.459,0.575,1.034,0.184,0.1858,0.2495,0.0399,13.0
Nolan Fontana,-0.2,26,,1,-0.2,2,21.0,0.6,137.0,644.0,499.0,116.0,143.0,22.0,6.0,14.0,79.0,19.0,5.0,100.0,57.0,219.0,13.0,0.286,0.41,0.439,0.849,0.0885,0.1553,0.1525,0.0217,14.0
Matt Reynolds,0.1,25,,1,0.1,2,21.0,0.6,126.0,540.0,437.0,84.0,125.0,31.0,1.0,10.0,67.0,32.0,7.0,72.0,75.0,188.0,13.0,0.283,0.393,0.424,0.818,0.1389,0.1333,0.1415,0.0185,25.0
Mac Williamson,-0.2,24,,1,-0.2,2,21.0,0.6,109.0,473.0,397.0,75.0,111.0,16.0,0.0,29.0,101.0,23.0,6.0,48.0,99.0,214.0,21.0,0.279,0.382,0.541,0.922,0.2093,0.1015,0.2615,0.0613,17.0
Christian Walker,-0.2,23,,1,-0.2,2,21.0,0.6,136.0,619.0,511.0,112.0,174.0,33.0,3.0,21.0,117.0,7.0,5.0,87.0,54.0,276.0,14.0,0.34,0.444,0.54,0.984,0.0872,0.1405,0.2,0.0339,2.0
Chris Taylor,1.2,23,,1,1.2,2,21.0,0.6,127.0,614.0,521.0,120.0,154.0,31.0,7.0,7.0,96.0,27.0,8.0,62.0,83.0,220.0,17.0,0.294,0.384,0.424,0.808,0.1352,0.101,0.13,0.0114,19.0
Austin Nola,1.3,29,,1,1.3,2,22.0,1.6,120.0,515.0,417.0,87.0,124.0,29.0,3.0,6.0,85.0,7.0,6.0,72.0,65.0,177.0,7.0,0.298,0.399,0.424,0.822,0.1262,0.1398,0.126,0.0117,1.0
Max Muncy,-0.2,24,,1,-0.2,2,21.0,0.1,125.0,577.0,482.0,95.0,155.0,27.0,6.0,16.0,100.0,13.0,8.0,78.0,68.0,242.0,11.0,0.322,0.423,0.502,0.926,0.1179,0.1352,0.1805,0.0277,5.0
Spencer Kieboom,0.4,27,,1,0.4,2,21.0,0.6,111.0,440.0,374.0,47.0,99.0,17.0,0.0,4.0,64.0,0.0,0.0,41.0,30.0,128.0,6.0,0.266,0.34,0.344,0.683,0.0682,0.0932,0.0775,0.0091,0.0
Rob Refsnyder,0.5,24,,1,0.5,2,21.0,0.5,125.0,580.0,499.0,115.0,171.0,32.0,10.0,14.0,121.0,23.0,6.0,50.0,57.0,265.0,17.0,0.342,0.412,0.53,0.942,0.0983,0.0862,0.188,0.0241,17.0
Joe Hudson,-0.1,27,,1,-0.1,2,21.0,0.5,110.0,430.0,365.0,57.0,106.0,24.0,3.0,6.0,53.0,5.0,3.0,40.0,52.0,154.0,17.0,0.286,0.377,0.412,0.79,0.1209,0.093,0.127,0.014,2.0
Eric Stamets,-0.7,27,,1,-0.7,2,20.0,-0.6,112.0,539.0,437.0,92.0,133.0,32.0,1.0,3.0,48.0,57.0,17.0,54.0,51.0,176.0,15.0,0.304,0.39,0.402,0.792,0.0946,0.1002,0.098,0.0056,40.0
Jake Lamb,0.4,23,,1,0.4,2,21.0,0.5,108.0,474.0,402.0,52.0,127.0,25.0,3.0,6.0,56.0,6.0,4.0,43.0,58.0,176.0,17.0,0.316,0.4,0.438,0.838,0.1224,0.0907,0.122,0.0127,2.0
Cameron Perkins,-0.8,26,,1,-0.8,2,21.0,0.6,114.0,542.0,474.0,95.0,167.0,30.0,4.0,17.0,114.0,21.0,6.0,25.0,48.0,256.0,27.0,0.352,0.41,0.54,0.95,0.0886,0.0461,0.1885,0.0314,15.0
Preston Tucker,0.5,24,,1,0.5,2,21.0,0.6,139.0,628.0,548.0,112.0,172.0,40.0,2.0,31.0,124.0,11.0,6.0,63.0,56.0,309.0,11.0,0.314,0.393,0.564,0.958,0.0892,0.1003,0.25,0.0494,5.0
Jacob Stallings,0.2,26,,1,0.2,2,22.0,1.6,129.0,572.0,471.0,96.0,138.0,42.0,1.0,8.0,85.0,9.0,1.0,78.0,89.0,206.0,8.0,0.293,0.396,0.437,0.833,0.1556,0.1364,0.144,0.014,8.0
Tyler Heineman,0.1,28,,1,0.1,2,21.0,0.5,82.0,330.0,257.0,50.0,82.0,9.0,1.0,1.0,34.0,3.0,3.0,28.0,19.0,96.0,23.0,0.296,0.42,0.347,0.766,0.0576,0.0848,0.05,0.003,0.0
Seth Mejias-Brean,0.4,28,,1,0.4,2,21.0,0.5,124.0,521.0,459.0,87.0,155.0,29.0,7.0,1.0,86.0,17.0,7.0,36.0,52.0,201.0,8.0,0.334,0.387,0.43,0.818,0.0998,0.0691,0.0955,0.0019,10.0
Luke Maile,-0.2,24,,1,-0.2,2,21.0,0.6,113.0,487.0,406.0,77.0,123.0,23.0,3.0,21.0,87.0,15.0,4.0,52.0,85.0,215.0,17.0,0.3,0.393,0.529,0.922,0.1745,0.1068,0.2285,0.0431,11.0
Joey Rickard,-0.3,25,,1,-0.3,2,21.0,0.5,121.0,601.0,507.0,109.0,169.0,28.0,3.0,5.0,70.0,34.0,14.0,47.0,68.0,218.0,20.0,0.334,0.403,0.43,0.834,0.1131,0.0782,0.097,0.0083,20.0
Trevor Brown,-0.2,23,,1,-0.2,2,20.0,-0.5,105.0,404.0,352.0,51.0,102.0,16.0,2.0,3.0,60.0,4.0,5.0,23.0,60.0,131.0,12.0,0.269,0.332,0.336,0.668,0.1485,0.0569,0.067,0.0074,-1.0
Jacob Wilson,-0.1,30,,1,-0.1,2,21.0,0.2,114.0,536.0,448.0,98.0,136.0,31.0,0.0,23.0,115.0,18.0,12.0,61.0,64.0,236.0,9.0,0.303,0.39,0.524,0.914,0.1194,0.1138,0.221,0.0429,6.0
Kris Bryant,5.4,23,,1,5.4,3,21.0,0.5,172.0,813.0,638.0,196.0,225.0,47.0,7.0,54.0,154.0,34.0,10.0,138.0,137.0,448.0,32.0,0.353,0.486,0.697,1.183,0.1685,0.1697,0.3433,0.0664,24.0
Hunter Dozier,0.0,24,,1,0.0,3,21.0,0.3,170.0,730.0,636.0,128.0,227.0,60.0,2.0,32.0,123.0,25.0,14.0,76.0,111.0,387.0,8.0,0.356,0.425,0.606,1.031,0.1521,0.1041,0.2497,0.0438,11.0
Hunter Renfroe,0.4,24,,1,0.4,3,21.0,0.6,147.0,598.0,511.0,84.0,150.0,33.0,3.0,20.0,92.0,16.0,5.0,59.0,102.0,249.0,14.0,0.25,0.331,0.395,0.726,0.1706,0.0987,0.145,0.0334,11.0
Phillip Ervin,0.1,24,,1,0.1,3,20.0,-0.5,177.0,784.0,669.0,157.0,230.0,47.0,5.0,25.0,133.0,44.0,8.0,87.0,92.0,362.0,22.0,0.345,0.435,0.544,0.979,0.1173,0.111,0.199,0.0319,36.0
Aaron Judge,-0.3,24,,1,-0.3,3,21.0,0.5,169.0,717.0,594.0,130.0,205.0,41.0,7.0,18.0,93.0,36.0,5.0,108.0,137.0,314.0,9.0,0.345,0.45,0.526,0.977,0.1911,0.1506,0.181,0.0251,31.0
Jacob Hannemann,-0.4,26,,1,-0.4,1,22.0,1.5,51.0,245.0,215.0,53.0,74.0,16.0,7.0,5.0,29.0,14.0,1.0,24.0,37.0,119.0,2.0,0.344,0.415,0.553,0.968,0.151,0.098,0.209,0.0204,13.0
Stuart Turner,-1.2,25,,1,-1.2,1,21.0,0.6,62.0,266.0,222.0,44.0,83.0,15.0,1.0,5.0,51.0,2.0,4.0,28.0,37.0,115.0,7.0,0.374,0.444,0.518,0.962,0.1391,0.1053,0.144,0.0188,-2.0
JaCoby Jones,-0.1,24,,1,-0.1,3,21.0,0.6,179.0,726.0,642.0,120.0,187.0,35.0,3.0,14.0,92.0,36.0,16.0,57.0,129.0,270.0,15.0,0.295,0.364,0.426,0.79,0.1777,0.0785,0.131,0.0193,20.0
Daniel Palka,0.6,26,,1,0.6,3,21.0,0.5,189.0,819.0,707.0,140.0,222.0,50.0,8.0,41.0,165.0,15.0,1.0,69.0,181.0,411.0,34.0,0.314,0.397,0.581,0.978,0.221,0.0842,0.267,0.0501,14.0
Jacob May,-0.6,25,,1,-0.6,3,21.0,0.7,156.0,688.0,566.0,106.0,163.0,25.0,9.0,9.0,62.0,48.0,15.0,60.0,76.0,233.0,22.0,0.279,0.364,0.398,0.762,0.1105,0.0872,0.119,0.0131,33.0
Brandon Dixon,-0.7,26,,1,-0.7,3,21.0,0.6,130.0,456.0,379.0,88.0,119.0,22.0,5.0,7.0,66.0,38.0,11.0,35.0,75.0,172.0,19.0,0.271,0.367,0.361,0.728,0.1645,0.0768,0.09,0.0154,27.0
Ryon Healy,2.4,24,,1,2.4,3,21.0,0.6,164.0,683.0,603.0,99.0,194.0,43.0,2.0,19.0,118.0,11.0,7.0,60.0,90.0,298.0,9.0,0.322,0.386,0.5,0.887,0.1318,0.0878,0.1787,0.0278,4.0
Jordan Patterson,0.1,24,,1,0.1,3,21.0,0.1,177.0,815.0,661.0,148.0,212.0,51.0,3.0,16.0,125.0,10.0,5.0,87.0,122.0,317.0,54.0,0.32,0.434,0.478,0.912,0.1497,0.1067,0.1583,0.0196,5.0
Tony Kemp,-0.4,24,,1,-0.4,3,21.0,0.6,194.0,924.0,759.0,177.0,250.0,32.0,21.0,1.0,98.0,72.0,23.0,111.0,106.0,327.0,34.0,0.327,0.432,0.429,0.862,0.1147,0.1201,0.1023,0.0011,49.0
Chad Wallach,-0.1,25,,1,-0.1,3,21.0,0.5,102.0,305.0,257.0,33.0,70.0,18.0,1.0,2.0,42.0,3.0,3.0,25.0,34.0,96.0,13.0,0.246,0.34,0.31,0.651,0.1115,0.082,0.0647,0.0066,0.0
Jack Reinheimer,-0.1,24,,1,-0.1,3,20.0,-0.5,176.0,781.0,671.0,101.0,196.0,24.0,1.0,4.0,66.0,22.0,5.0,67.0,102.0,234.0,9.0,0.292,0.36,0.348,0.708,0.1306,0.0858,0.0557,0.0051,17.0
Johnny Field,0.5,26,,1,0.5,3,21.0,0.6,172.0,787.0,654.0,165.0,224.0,44.0,19.0,11.0,115.0,31.0,15.0,85.0,72.0,339.0,23.0,0.338,0.423,0.516,0.939,0.0915,0.108,0.1777,0.014,16.0
Adam Frazier,0.4,24,,1,0.4,3,21.0,0.6,173.0,744.0,644.0,117.0,224.0,36.0,8.0,0.0,77.0,22.0,11.0,76.0,64.0,276.0,6.0,0.332,0.391,0.394,0.785,0.086,0.1022,0.062,0.0,11.0
Garrett Cooper,0.2,26,,1,0.2,2,22.0,1.6,105.0,446.0,362.0,66.0,123.0,21.0,1.0,12.0,68.0,2.0,0.0,54.0,60.0,182.0,23.0,0.339,0.45,0.501,0.952,0.1345,0.1211,0.162,0.0269,2.0
Tyler Smith,0.2,25,,1,0.2,3,21.0,0.6,169.0,674.0,550.0,112.0,167.0,25.0,4.0,3.0,78.0,21.0,4.0,81.0,89.0,209.0,14.0,0.291,0.401,0.36,0.761,0.132,0.1202,0.0697,0.0045,17.0
Kyle Farmer,-0.1,26,,1,-0.1,3,22.0,1.6,173.0,786.0,708.0,100.0,213.0,47.0,5.0,15.0,143.0,6.0,3.0,39.0,71.0,315.0,14.0,0.3,0.339,0.443,0.781,0.0903,0.0496,0.143,0.0191,3.0
Trey Mancini,0.3,24,,1,0.3,3,21.0,0.4,164.0,707.0,620.0,109.0,213.0,39.0,10.0,28.0,133.0,10.0,7.0,62.0,97.0,356.0,10.0,0.341,0.402,0.573,0.975,0.1372,0.0877,0.232,0.0396,3.0
Mitch Garver,0.0,26,,1,0.0,3,22.0,1.5,181.0,851.0,744.0,161.0,266.0,61.0,10.0,18.0,152.0,20.0,10.0,81.0,90.0,401.0,13.0,0.356,0.425,0.534,0.959,0.1058,0.0952,0.178,0.0212,10.0
Mike Tauchman,-0.3,26,,1,-0.3,3,22.0,1.3,142.0,646.0,522.0,105.0,188.0,33.0,8.0,3.0,96.0,49.0,10.0,85.0,74.0,246.0,19.0,0.358,0.458,0.467,0.925,0.1146,0.1316,0.109,0.0046,39.0
Austin Wynns,0.4,27,,1,0.4,3,22.0,1.5,167.0,649.0,541.0,107.0,160.0,41.0,2.0,5.0,75.0,2.0,2.0,65.0,71.0,220.0,7.0,0.296,0.377,0.407,0.784,0.1094,0.1002,0.1107,0.0077,0.0
Michael Conforto,2.2,22,,1,2.2,3,21.0,0.5,182.0,834.0,668.0,145.0,227.0,44.0,4.0,31.0,179.0,11.0,10.0,120.0,122.0,372.0,38.0,0.341,0.462,0.558,1.02,0.1463,0.1439,0.2173,0.0372,1.0
Trea Turner,0.3,22,,1,0.3,3,21.0,0.5,173.0,848.0,702.0,203.0,240.0,38.0,9.0,20.0,121.0,113.0,14.0,116.0,94.0,356.0,9.0,0.342,0.435,0.509,0.944,0.1108,0.1368,0.1677,0.0236,99.0
Bradley Zimmer,1.6,24,,1,1.6,3,21.0,0.6,169.0,680.0,575.0,107.0,183.0,31.0,11.0,14.0,83.0,43.0,19.0,64.0,95.0,278.0,27.0,0.31,0.391,0.467,0.858,0.1397,0.0941,0.1567,0.0206,24.0
Matt Chapman,3.3,24,,1,3.3,3,21.0,0.0,162.0,702.0,580.0,103.0,171.0,37.0,5.0,13.0,108.0,13.0,7.0,73.0,84.0,257.0,26.0,0.294,0.389,0.442,0.831,0.1197,0.104,0.1473,0.0185,6.0
AJ Reed,-0.7,23,,1,-0.7,3,21.0,0.5,176.0,771.0,638.0,119.0,195.0,35.0,3.0,40.0,168.0,1.0,2.0,99.0,140.0,356.0,26.0,0.305,0.411,0.552,0.963,0.1816,0.1284,0.2473,0.0519,-1.0
Aramis Garcia,0.2,25,,1,0.2,3,21.0,0.4,157.0,661.0,579.0,95.0,184.0,34.0,3.0,25.0,117.0,5.0,5.0,61.0,105.0,299.0,10.0,0.32,0.388,0.522,0.91,0.1589,0.0923,0.2017,0.0378,0.0
J.D. Davis,0.3,24,,1,0.3,3,21.0,0.0,163.0,659.0,566.0,86.0,174.0,33.0,6.0,14.0,113.0,10.0,3.0,77.0,115.0,261.0,8.0,0.295,0.382,0.447,0.829,0.1745,0.1168,0.1517,0.0212,7.0
Brian Anderson,-0.3,24,,1,-0.3,3,21.0,0.5,171.0,693.0,570.0,109.0,181.0,30.0,8.0,13.0,98.0,17.0,6.0,76.0,110.0,266.0,30.0,0.312,0.415,0.451,0.866,0.1587,0.1097,0.139,0.0188,11.0
Mark Zagunis,0.0,24,,1,0.0,3,21.0,0.5,163.0,745.0,625.0,141.0,212.0,37.0,7.0,16.0,124.0,52.0,13.0,85.0,73.0,311.0,24.0,0.339,0.431,0.497,0.928,0.098,0.1141,0.1573,0.0215,39.0
Jordan Luplow,-0.4,23,,1,-0.4,3,20.0,-0.5,157.0,689.0,599.0,96.0,188.0,45.0,6.0,14.0,103.0,26.0,6.0,60.0,101.0,287.0,14.0,0.311,0.38,0.477,0.858,0.1466,0.0871,0.166,0.0203,20.0
Taylor Gushue,-0.1,27,,1,-0.1,3,20.0,-0.5,174.0,691.0,582.0,78.0,158.0,37.0,3.0,16.0,103.0,5.0,5.0,72.0,113.0,249.0,18.0,0.264,0.356,0.422,0.778,0.1635,0.1042,0.1587,0.0232,0.0
Jose Trevino,-0.1,25,,1,-0.1,3,21.0,0.1,170.0,755.0,671.0,113.0,195.0,38.0,4.0,31.0,137.0,7.0,0.0,60.0,88.0,334.0,7.0,0.287,0.347,0.491,0.838,0.1166,0.0795,0.204,0.0411,7.0
Greg Allen,-0.2,24,,1,-0.2,3,21.0,0.5,185.0,870.0,741.0,147.0,224.0,30.0,9.0,2.0,85.0,62.0,23.0,85.0,112.0,278.0,20.0,0.302,0.387,0.376,0.762,0.1287,0.0977,0.0733,0.0023,39.0
Mark Payton,-0.2,28,,1,-0.2,4,22.0,1.2,234.0,1083.0,867.0,137.0,276.0,50.0,19.0,7.0,122.0,36.0,14.0,148.0,111.0,385.0,19.0,0.323,0.428,0.452,0.88,0.1025,0.1367,0.129,0.0065,22.0
Austin Slater,0.2,24,,1,0.2,3,21.0,0.5,117.0,491.0,430.0,76.0,129.0,28.0,10.0,5.0,70.0,11.0,3.0,40.0,65.0,192.0,8.0,0.2,0.246,0.298,0.544,0.1324,0.0815,0.098,0.0102,8.0
Ryan O'Hearn,0.8,24,,1,0.8,3,20.0,-0.9,180.0,752.0,667.0,90.0,192.0,27.0,9.0,11.0,99.0,6.0,3.0,70.0,154.0,270.0,5.0,0.286,0.357,0.4,0.757,0.2048,0.0931,0.114,0.0146,3.0
Brian O'Grady,0.1,27,,1,0.1,4,22.0,1.4,208.0,903.0,771.0,143.0,227.0,46.0,10.0,8.0,96.0,30.0,15.0,105.0,115.0,317.0,10.0,0.288,0.374,0.398,0.772,0.1274,0.1163,0.11,0.0089,15.0
Dansby Swanson,1.2,22,,1,1.2,3,21.0,0.5,154.0,696.0,579.0,143.0,191.0,52.0,8.0,18.0,99.0,39.0,7.0,84.0,108.0,313.0,10.0,0.285,0.423,0.449,0.872,0.1552,0.1207,0.164,0.0259,32.0
Alex Bregman,2.1,22,,1,2.1,3,21.0,0.5,196.0,909.0,786.0,153.0,265.0,56.0,10.0,21.0,148.0,66.0,17.0,87.0,68.0,404.0,19.0,0.336,0.409,0.512,0.92,0.0748,0.0957,0.176,0.0231,49.0
Andrew Benintendi,0.8,21,,1,0.8,2,20.0,-0.5,126.0,556.0,451.0,107.0,147.0,21.0,3.0,21.0,84.0,41.0,8.0,74.0,52.0,237.0,15.0,0.326,0.428,0.525,0.953,0.0935,0.1331,0.199,0.0378,33.0
Ian Happ,1.6,22,,1,1.6,3,20.0,-0.6,163.0,718.0,574.0,120.0,193.0,44.0,2.0,25.0,107.0,56.0,18.0,128.0,116.0,316.0,10.0,0.336,0.46,0.549,1.009,0.1616,0.1783,0.213,0.0348,38.0
Kevin Newman,-1.0,24,,1,-1.0,3,21.0,0.5,165.0,773.0,674.0,132.0,227.0,35.0,8.0,2.0,112.0,46.0,12.0,57.0,48.0,284.0,15.0,0.337,0.395,0.421,0.816,0.0621,0.0737,0.0847,0.0026,34.0
Richie Martin,-1.0,24,,1,-1.0,3,20.0,-0.5,177.0,816.0,684.0,136.0,194.0,27.0,7.0,7.0,81.0,45.0,13.0,77.0,90.0,256.0,29.0,0.285,0.373,0.369,0.743,0.1103,0.0944,0.084,0.0086,32.0
DJ Stewart,0.6,24,,1,0.6,3,21.0,0.5,177.0,816.0,633.0,157.0,218.0,54.0,4.0,27.0,168.0,24.0,8.0,147.0,117.0,361.0,27.0,0.344,0.48,0.57,1.05,0.1434,0.1801,0.2257,0.0331,16.0
Taylor Ward,-0.2,24,,1,-0.2,3,21.0,0.6,162.0,652.0,545.0,83.0,157.0,29.0,2.0,16.0,98.0,12.0,5.0,79.0,89.0,238.0,12.0,0.273,0.372,0.421,0.794,0.1365,0.1212,0.1477,0.0245,7.0
Chris Shaw,-0.4,24,,1,-0.4,3,21.0,0.5,145.0,595.0,515.0,63.0,141.0,32.0,0.0,23.0,107.0,1.0,1.0,58.0,98.0,242.0,14.0,0.271,0.357,0.473,0.83,0.1647,0.0975,0.2017,0.0387,0.0
Christin Stewart,-0.2,24,,1,-0.2,3,21.0,0.5,150.0,636.0,540.0,111.0,172.0,35.0,10.0,23.0,113.0,16.0,9.0,64.0,111.0,296.0,27.0,0.317,0.414,0.543,0.957,0.1745,0.1006,0.226,0.0362,7.0
Scott Kingery,-0.8,24,,1,-0.8,3,21.0,0.5,149.0,651.0,547.0,116.0,192.0,31.0,12.0,6.0,80.0,38.0,15.0,59.0,65.0,265.0,18.0,0.336,0.418,0.462,0.879,0.0998,0.0906,0.126,0.0092,23.0
Andrew Stevenson,-0.4,23,,1,-0.4,3,21.0,0.5,177.0,655.0,569.0,116.0,177.0,20.0,10.0,2.0,70.0,40.0,14.0,41.0,83.0,223.0,18.0,0.292,0.359,0.363,0.723,0.1267,0.0626,0.0713,0.0031,26.0
Kevin Kramer,-0.6,24,,1,-0.6,3,21.0,0.5,171.0,751.0,620.0,114.0,184.0,30.0,4.0,10.0,89.0,17.0,18.0,73.0,104.0,252.0,31.0,0.294,0.385,0.391,0.777,0.1385,0.0972,0.0973,0.0133,-1.0
Blake Trahan,0.0,24,,1,0.0,3,21.0,0.2,195.0,902.0,723.0,155.0,239.0,37.0,3.0,10.0,116.0,45.0,20.0,112.0,96.0,312.0,28.0,0.33,0.43,0.431,0.86,0.1064,0.1242,0.1017,0.0111,25.0
Brandon Lowe,0.8,23,,1,0.8,2,20.0,-0.9,120.0,548.0,432.0,93.0,146.0,30.0,7.0,10.0,95.0,19.0,6.0,72.0,53.0,220.0,24.0,0.34,0.45,0.503,0.953,0.0967,0.1314,0.1635,0.0182,13.0
Braden Bishop,-0.3,25,,1,-0.3,3,21.0,0.5,149.0,629.0,524.0,99.0,153.0,26.0,3.0,4.0,65.0,42.0,9.0,38.0,92.0,197.0,43.0,0.289,0.379,0.367,0.746,0.1463,0.0604,0.078,0.0064,33.0
Harrison Bader,0.0,23,,1,0.0,3,21.0,0.5,170.0,754.0,646.0,117.0,202.0,29.0,5.0,20.0,112.0,36.0,17.0,66.0,106.0,301.0,25.0,0.315,0.395,0.458,0.853,0.1406,0.0875,0.1427,0.0265,19.0
Kyle Martin,0.0,26,,1,0.0,3,22.0,1.5,9.0,9.0,0.974,11.7,14.31,57.0,7.0,0.0,0.0,0.0,7.0,157.2,169.0,5.0,15.0,28.333,23.0,2.5,16.333,18.7778,17.4667,-25.8333,0.0,-7.0
Skye Bolt,-0.1,25,,1,-0.1,3,21.0,0.5,171.0,786.0,635.0,132.0,177.0,32.0,2.0,20.0,128.0,28.0,7.0,110.0,98.0,273.0,17.0,0.279,0.391,0.431,0.822,0.1247,0.1399,0.152,0.0254,21.0
Paul DeJong,2.7,23,,1,2.7,3,21.0,0.2,144.0,628.0,528.0,112.0,172.0,42.0,3.0,23.0,113.0,4.0,4.0,76.0,112.0,289.0,19.0,0.314,0.426,0.507,0.933,0.1783,0.121,0.193,0.0366,0.0
Joe McCarthy,-0.4,26,,1,-0.4,3,21.0,0.5,162.0,742.0,591.0,122.0,174.0,29.0,4.0,12.0,111.0,25.0,2.0,113.0,86.0,247.0,26.0,0.278,0.41,0.393,0.803,0.1159,0.1523,0.1153,0.0162,23.0
Ka'ai Tom,-0.1,27,,1,-0.1,2,21.0,0.5,109.0,493.0,420.0,81.0,148.0,29.0,1.0,8.0,92.0,29.0,5.0,45.0,43.0,203.0,17.0,0.352,0.428,0.482,0.91,0.0872,0.0913,0.1305,0.0162,24.0
Drew Jackson,0.0,25,,1,0.0,3,21.0,0.5,120.0,404.0,337.0,54.0,81.0,11.0,3.0,0.0,17.0,13.0,7.0,40.0,70.0,98.0,10.0,0.227,0.328,0.274,0.601,0.1733,0.099,0.0463,0.0,6.0
Steven Duggar,0.9,24,,1,0.9,3,21.0,0.5,184.0,842.0,715.0,140.0,214.0,33.0,6.0,8.0,109.0,50.0,15.0,104.0,141.0,283.0,6.0,0.299,0.386,0.397,0.783,0.1675,0.1235,0.0973,0.0095,35.0
Edwin Rios,0.3,25,,1,0.3,3,21.0,0.1,175.0,781.0,670.0,121.0,210.0,40.0,3.0,29.0,146.0,8.0,4.0,82.0,123.0,343.0,14.0,0.314,0.391,0.513,0.905,0.1575,0.105,0.1993,0.0371,4.0
David Fletcher,1.9,24,,1,1.9,2,21.0,0.5,111.0,515.0,443.0,69.0,141.0,20.0,4.0,2.0,55.0,31.0,7.0,36.0,40.0,175.0,8.0,0.318,0.374,0.395,0.768,0.0777,0.0699,0.0765,0.0039,24.0
Dylan Moore,0.3,26,,1,0.3,2,22.0,1.4,114.0,552.0,472.0,97.0,152.0,31.0,3.0,12.0,80.0,24.0,6.0,50.0,60.0,225.0,18.0,0.322,0.402,0.476,0.878,0.1087,0.0906,0.154,0.0217,18.0
Jake Cronenworth,1.6,26,,1,1.6,3,21.0,0.1,180.0,824.0,677.0,136.0,211.0,36.0,9.0,10.0,118.0,42.0,17.0,97.0,83.0,295.0,14.0,0.309,0.399,0.43,0.828,0.1007,0.1177,0.121,0.0121,25.0
Nathan Lukes,0.0,28,,1,0.0,3,20.0,-0.8,183.0,835.0,726.0,137.0,244.0,37.0,9.0,9.0,96.0,27.0,16.0,78.0,72.0,326.0,16.0,0.336,0.408,0.45,0.858,0.0862,0.0934,0.1147,0.0108,11.0
