Name,Season,Age,Team,Lg,WAR,G,PA,AB,R,H,2B,3B,HR,RBI,SB,CS,BB,SO,BA,OBP,SLG,OPS,OPS+,rOBA,Rbat+,TB,GIDP,HBP,SH,SF,IBB,Pos,Awards,,
Patrick Mazeika,2021,27,NYM,NL,-0.2,37,87,79,6,15,3,0,1,6,0,0,4,18,0.19,0.253,0.266,0.519,43,0.238,39,21,2,3,0,1,1,2H/3D,,,
Patrick Mazeika,2022,28,NYM,NL,-0.3,24,72,68,4,13,4,0,1,6,0,0,2,9,0.191,0.214,0.294,0.508,45,0.219,32,20,0,0,2,0,0,2/H3,,,
LaMonte Wade Jr.,2019,25,MIN,AL,0,26,69,56,10,11,2,1,2,5,0,1,11,9,0.196,0.348,0.375,0.723,94,0.312,94,21,0,2,0,0,0,8/7H93D,,,
LaMonte Wade Jr.,2020,26,MIN,AL,0,16,44,39,3,9,3,0,0,1,1,1,4,9,0.231,0.318,0.308,0.626,76,0.276,73,12,0,1,0,0,0,/38H79D,,,
LaMonte Wade Jr.,2021,27,SFG,NL,1.4,109,381,336,52,85,17,3,18,56,6,1,33,89,0.253,0.326,0.482,0.808,117,0.349,115,162,3,5,4,3,1,973H/8,MVP-21,,
Kevin Kaczmarski,2018,26,NYM,NL,-0.1,4,5,4,0,0,0,0,0,0,0,1,1,1,0,0.2,0,0.2,-37,0.04,-33,0,0,0,0,0,0,/H9,,,
Vimael Mach�n,2020,26,OAK,AL,-0.4,24,71,63,11,13,2,0,0,0,0,0,8,10,0.206,0.296,0.238,0.534,53,0.265,63,15,4,0,0,0,0,5/6D43H,,,
Vimael Mach�n,2021,27,OAK,AL,-0.3,15,37,32,1,4,0,0,0,1,0,0,3,10,0.125,0.2,0.125,0.325,-5,0.159,-15,4,2,0,2,0,0,/645H,,,
Vimael Mach�n,2022,28,OAK,AL,-0.5,73,253,223,26,49,12,0,1,13,1,1,25,47,0.22,0.3,0.287,0.587,75,0.277,81,64,6,2,0,3,0,5H/46D,,,
Nick Senzel,2019,24,CIN,NL,0.1,104,414,375,55,96,20,4,12,42,14,5,30,101,0.256,0.315,0.427,0.742,87,0.327,87,160,6,3,0,1,0,8H/4,,,
Nick Senzel,2020,25,CIN,NL,-0.2,23,78,70,8,13,6,0,2,8,2,1,6,15,0.186,0.247,0.357,0.604,55,0.259,42,25,2,0,0,1,0,8/H,,,
Nick Senzel,2021,26,CIN,NL,-0.5,36,124,111,18,28,4,0,1,8,2,5,12,16,0.252,0.323,0.315,0.638,67,0.279,67,35,3,0,0,1,0,8/4H5,,,
Corey Ray,2021,26,MIL,NL,0,1,3,2,1,0,0,0,0,0,0,0,1,1,0,0.333,0,0.333,3,0.232,31,0,0,0,0,0,0,/9H,,,
Kyle Lewis,2019,23,SEA,AL,0.5,18,75,71,10,19,5,0,6,13,0,0,3,29,0.268,0.293,0.592,0.885,131,0.356,125,42,0,0,0,1,0,9/8H,,,
Kyle Lewis,2020,24,SEA,AL,1.6,58,242,206,37,54,3,0,11,28,5,1,34,71,0.262,0.364,0.437,0.801,124,0.355,125,90,5,0,0,2,0,*8/DH,MVP-17ROY-1,,
Kyle Lewis,2021,25,SEA,AL,0.4,36,147,130,15,32,4,0,5,11,2,0,16,37,0.246,0.333,0.392,0.726,104,0.327,108,51,1,1,0,0,0,8/D,,,
Matt Thaiss,2019,24,LAA,AL,0.3,53,164,147,17,31,7,0,8,23,0,0,17,52,0.211,0.293,0.422,0.714,86,0.302,81,62,4,0,0,0,0,53/H,,,
Matt Thaiss,2020,25,LAA,AL,-0.3,8,25,21,3,3,0,0,1,1,0,0,4,8,0.143,0.28,0.286,0.566,56,0.263,56,6,1,0,0,0,0,/3D457H,,,
Matt Thaiss,2021,26,LAA,AL,-0.1,3,8,7,1,1,0,0,0,0,0,0,1,1,0.143,0.25,0.143,0.393,12,0.198,11,1,0,0,0,0,0,/3H,,,
Will Craig,2020,25,PIT,NL,-0.1,2,4,4,0,0,0,0,0,0,0,0,0,1,0,0,0,0,-100,0,-129,0,0,0,0,0,0,/3,,,
Will Craig,2021,26,PIT,NL,-0.6,18,65,60,5,13,2,0,1,3,0,0,5,22,0.217,0.277,0.3,0.577,57,0.262,53,18,1,0,0,0,1,3/H,,,
Will Smith,2019,24,LAD,NL,1.7,54,196,170,30,43,9,0,15,42,2,0,18,52,0.253,0.337,0.571,0.907,133,0.38,134,97,3,5,0,3,1,2/HD,,,
Will Smith,2020,25,LAD,NL,1.4,37,137,114,23,33,9,0,8,25,0,0,20,22,0.289,0.401,0.579,0.98,162,0.41,157,66,2,2,0,1,1,2/DH,,,
Will Smith,2021,26,LAD,NL,3.3,130,501,414,71,107,19,2,25,76,3,0,58,101,0.258,0.365,0.495,0.86,127,0.374,128,205,11,18,0,11,4,*2H/D35,,,
Chris Okey,2022,27,CIN,NL,-0.2,7,13,12,3,2,0,0,0,0,0,0,0,5,0.167,0.231,0.167,0.397,12,0.194,5,2,0,1,0,0,0,/2,,,
Chris Okey,2023,28,LAA,AL,0,2,2,2,0,0,0,0,0,0,0,0,0,2,0,0,0,0,-100,0,-125,0,0,0,0,0,0,/2,,,
Sheldon Neuse,2019,24,OAK,AL,0.3,25,61,56,3,14,3,0,0,7,0,0,4,19,0.25,0.295,0.304,0.599,64,0.265,61,17,2,0,0,1,0,4/5D,,,
Sheldon Neuse,2021,26,LAD,NL,-0.5,33,66,65,6,11,1,0,3,4,1,1,1,26,0.169,0.182,0.323,0.505,31,0.221,24,21,2,0,0,0,0,4H/579D,,,
Sheldon Neuse,2022,27,OAK,AL,-0.8,89,293,271,25,58,4,2,4,26,6,1,20,80,0.214,0.273,0.288,0.561,66,0.259,65,78,5,2,0,0,0,543HD/16,,,
Bryan Reynolds,2019,24,PIT,NL,4.2,134,546,491,83,154,37,4,16,68,3,2,46,121,0.314,0.377,0.503,0.88,130,0.381,137,247,9,6,0,3,0,*798/H,ROY-4,,
Bryan Reynolds,2020,25,PIT,NL,0.5,55,208,185,24,35,6,2,7,19,1,1,21,57,0.189,0.275,0.357,0.632,71,0.279,68,66,2,1,0,0,0,*78/HD,,,
Bryan Reynolds,2021,26,PIT,NL,6,159,646,559,93,169,35,8,24,90,5,2,75,119,0.302,0.39,0.522,0.912,145,0.394,147,292,10,8,0,4,9,*87/HD,ASMVP-11,,
Ronnie Dawson,2021,26,HOU,AL,-0.1,3,6,5,2,1,0,0,0,0,0,0,1,0,0.2,0.333,0.2,0.533,53,0.264,60,1,1,0,0,0,0,/DH,,,
Ronnie Dawson,2022,27,CIN,NL,-0.1,1,3,3,0,0,0,0,0,0,0,0,0,2,0,0,0,0,-100,0,-132,0,0,0,0,0,0,/D,,,
Nick Solak,2019,24,TEX,AL,0.7,33,135,116,19,34,6,1,5,17,2,0,15,29,0.293,0.393,0.491,0.884,123,0.397,136,57,2,4,0,0,1,D5/4H,,,
Nick Solak,2020,25,TEX,AL,-1.1,58,233,209,27,56,10,0,2,23,7,1,18,42,0.268,0.326,0.344,0.671,86,0.304,84,72,6,2,0,4,0,748/D3H,,,
Nick Solak,2021,26,TEX,AL,1,127,511,458,57,111,18,2,11,49,7,5,34,107,0.242,0.314,0.362,0.677,87,0.303,89,166,11,15,2,2,0,*4/DH,,,
Pete Alonso,2019,24,NYM,NL,5.4,161,693,597,103,155,30,2,53,120,1,0,72,183,0.26,0.358,0.583,0.941,147,0.399,154,348,13,21,0,3,6,*3/HD,ASMVP-7ROY-1,,
Pete Alonso,2020,25,NYM,NL,0.1,57,239,208,31,48,6,0,16,35,1,0,24,61,0.231,0.326,0.49,0.817,122,0.342,114,102,4,6,0,1,4,3D/H,,,
Pete Alonso,2021,26,NYM,NL,4.1,152,637,561,81,147,27,3,37,94,3,0,60,127,0.262,0.344,0.519,0.863,133,0.377,137,291,20,12,0,4,6,*3/DH,,,
Garrett Hampson,2018,23,COL,NL,0.1,24,48,40,3,11,3,1,0,4,2,0,7,12,0.275,0.396,0.4,0.796,103,0.365,103,16,0,1,0,0,0,H/648,,,
Garrett Hampson,2019,24,COL,NL,0.3,105,327,299,40,74,9,4,8,27,15,3,24,88,0.247,0.302,0.385,0.686,67,0.312,65,115,2,0,2,2,1,48H6/7,,,
Garrett Hampson,2020,25,COL,NL,0,53,184,167,25,39,4,3,5,11,6,1,13,60,0.234,0.287,0.383,0.671,70,0.292,57,64,1,0,3,1,0,48/H76D,,,
Sean Murphy,2019,24,OAK,AL,0.6,20,60,53,14,13,5,0,4,8,0,0,6,16,0.245,0.333,0.566,0.899,138,0.368,133,30,3,1,0,0,0,2/HD,,,
Sean Murphy,2020,25,OAK,AL,1.1,43,140,116,21,27,5,0,7,14,0,0,24,37,0.233,0.364,0.457,0.821,129,0.365,133,53,6,0,0,0,0,*2/H,ROY-4,,
Sean Murphy,2021,26,OAK,AL,2.8,119,448,393,47,85,23,0,17,59,0,0,40,114,0.216,0.306,0.405,0.71,98,0.314,101,159,7,12,0,3,0,*2/HD,GG,,
Alex Call,2022,27,2TM,2LG,0.4,47,131,114,18,27,3,1,5,13,3,3,15,30,0.237,0.336,0.412,0.748,115,0.325,115,47,2,2,0,0,0,7H/98D,,,
Alex Call,2023,28,WSN,NL,1,128,439,375,43,75,14,1,8,38,9,8,53,78,0.2,0.307,0.307,0.614,72,0.282,78,115,1,6,3,2,0,*87/9H,,,
Alex Call,2024,29,WSN,NL,1.5,30,113,99,15,34,9,0,3,14,5,1,12,19,0.343,0.425,0.525,0.95,168,0.429,179,52,2,2,0,0,0,9/87H,,,
Austin Hays,2017,21,BAL,AL,-0.5,20,63,60,4,13,3,0,1,8,0,0,2,16,0.217,0.238,0.317,0.555,49,0.25,46,19,2,0,0,1,0,8-Sep,,,
Austin Hays,2019,23,BAL,AL,0.8,21,75,68,12,21,6,0,4,13,2,0,7,13,0.309,0.373,0.574,0.947,146,0.408,151,39,0,0,0,0,0,8/H,,,
Austin Hays,2020,24,BAL,AL,0.8,33,134,122,20,34,2,0,4,9,2,3,8,25,0.279,0.328,0.393,0.722,96,0.332,108,48,1,2,0,2,0,87/9H,,,
Jake Rogers,2019,24,DET,AL,-0.6,35,128,112,11,14,3,0,4,8,0,0,13,51,0.125,0.222,0.259,0.481,27,0.216,18,29,3,1,2,0,0,2/D,,,
Jake Rogers,2021,26,DET,AL,1.2,38,127,113,17,27,5,3,6,17,1,0,11,46,0.239,0.306,0.496,0.802,119,0.339,115,56,0,0,3,0,0,2/15H,,,
Jake Rogers,2022,Did not play - Injury,Did not play - Injury,Did not play - Injury,Did not play - Injury,Did not play - Injury,Did not play - Injury,Did not play - Injury,Did not play - Injury,Did not play - Injury,Did not play - Injury,Did not play - Injury,Did not play - Injury,Did not play - Injury,Did not play - Injury,Did not play - Injury,Did not play - Injury,Did not play - Injury,Did not play - Injury,Did not play - Injury,Did not play - Injury,Did not play - Injury,Did not play - Injury,Did not play - Injury,Did not play - Injury,Did not play - Injury,Did not play - Injury,Did not play - Injury,Did not play - Injury,Did not play - Injury,Did not play - Injury,Did not play - Injury,Did not play - Injury,,
Bobby Dalbec,2020,25,BOS,AL,0.6,23,92,80,13,21,3,0,8,16,0,0,10,39,0.263,0.359,0.6,0.959,149,0.4,146,48,0,2,0,0,0,3/5D,,,
Bobby Dalbec,2021,26,BOS,AL,0.3,133,453,417,50,100,21,5,25,78,2,0,28,156,0.24,0.298,0.494,0.792,107,0.332,101,206,3,7,0,1,1,*35H/6D,,,
Bobby Dalbec,2022,27,BOS,AL,-0.7,117,353,317,40,68,9,2,12,39,3,0,29,118,0.215,0.283,0.369,0.652,80,0.302,83,117,5,3,0,4,0,35H/D46,,,
Zach Remillard,2023,29,CHW,AL,0.1,54,160,147,16,37,7,0,1,18,4,3,8,48,0.252,0.295,0.32,0.615,70,0.275,69,47,3,1,4,0,1,4/H5976D,,,
Zach Remillard,2024,30,CHW,AL,0.2,15,39,33,3,8,1,1,0,1,1,0,5,10,0.242,0.342,0.333,0.675,95,0.331,110,11,1,0,1,0,0,/456H78D,,,
Pavin Smith,2020,24,ARI,NL,0.2,12,44,37,7,10,0,1,1,4,1,0,5,8,0.27,0.341,0.405,0.746,102,0.322,92,15,0,0,0,2,0,/379D,,,
Pavin Smith,2021,25,ARI,NL,-0.1,145,545,498,68,133,27,4,11,49,1,0,42,106,0.267,0.328,0.404,0.732,98,0.323,96,201,11,4,0,1,1,398H7,,,
Pavin Smith,2022,26,ARI,NL,0.4,75,277,245,24,54,9,0,9,33,1,0,28,67,0.22,0.3,0.367,0.667,89,0.298,86,90,2,1,0,3,1,9D3/H,,,
Adam Haseley,2019,23,PHI,NL,1.8,67,242,222,30,59,14,0,5,26,4,0,14,60,0.266,0.324,0.396,0.72,86,0.32,85,88,7,5,1,0,1,879/H,,,
Adam Haseley,2020,24,PHI,NL,0,40,92,79,7,22,5,0,0,13,0,0,7,17,0.278,0.348,0.342,0.69,88,0.326,98,27,3,2,3,1,1,87/9H,,,
Adam Haseley,2021,25,PHI,NL,-0.3,9,21,21,2,4,1,0,0,0,0,0,0,4,0.19,0.19,0.238,0.429,16,0.178,-6,5,0,0,0,0,0,/87H,,,
Keston Hiura,2019,22,MIL,NL,1.8,84,348,314,51,95,23,2,19,49,9,3,25,107,0.303,0.368,0.57,0.938,138,0.391,138,179,6,8,0,1,1,4/H,,,
Keston Hiura,2020,23,MIL,NL,-0.3,59,246,217,30,46,4,0,13,32,3,2,16,85,0.212,0.297,0.41,0.707,87,0.311,86,89,7,11,0,2,2,*4D,,,
Keston Hiura,2021,24,MIL,NL,-0.9,61,197,173,16,29,9,1,4,19,3,0,14,77,0.168,0.256,0.301,0.557,51,0.255,45,52,6,7,2,1,0,3H/47,,,
Jake Burger,2021,25,CHW,AL,0.4,15,42,38,5,10,3,1,1,3,0,0,4,15,0.263,0.333,0.474,0.807,117,0.404,157,18,2,0,0,0,0,/5DH,,,
Jake Burger,2022,26,CHW,AL,0,51,183,168,20,42,9,1,8,26,0,0,10,56,0.25,0.302,0.458,0.761,113,0.323,105,77,7,3,1,1,1,5/DH4,,,
Jake Burger,2023,27,2TM,2LG,2.5,141,540,492,71,123,28,1,34,80,1,1,32,149,0.25,0.309,0.518,0.828,119,0.354,121,255,4,12,0,4,0,5D/H34,,,
Evan White,2020,24,SEA,AL,-0.1,54,202,182,19,32,7,0,8,26,1,2,18,84,0.176,0.252,0.346,0.599,66,0.26,63,63,3,1,0,1,0,*3/H,GG,,
Evan White,2021,25,SEA,AL,-0.6,30,104,97,8,14,3,0,2,9,0,0,6,31,0.144,0.202,0.237,0.439,23,0.198,19,23,1,1,0,0,0,3,,,
Stuart Fairchild,2021,25,ARI,NL,0,12,17,15,3,2,1,0,0,2,0,0,1,3,0.133,0.235,0.2,0.435,20,0.21,17,3,1,1,0,0,0,/H879,,,
Stuart Fairchild,2022,26,3TM,2LG,0.7,46,110,97,14,24,4,1,5,6,0,2,8,34,0.247,0.336,0.464,0.8,118,0.346,122,45,1,5,0,0,0,78/H9,,,
Stuart Fairchild,2023,27,CIN,NL,0.4,97,255,219,34,50,16,2,5,28,10,3,25,69,0.228,0.321,0.388,0.71,89,0.318,88,85,2,6,3,2,0,798H/D,,,
Greg Deichmann,2021,26,CHC,NL,-0.4,14,31,30,0,4,0,0,0,1,0,0,1,14,0.133,0.161,0.133,0.295,-18,0.135,-36,4,0,0,0,0,0,/9H7,,,
Drew Ellis,2021,25,ARI,NL,-0.7,28,83,69,10,9,2,0,1,5,0,0,10,27,0.13,0.277,0.203,0.48,34,0.231,31,14,1,4,0,0,1,5/H4,,,
Drew Ellis,2022,26,2TM,2LG,-0.3,7,17,16,2,3,1,0,0,1,0,0,1,7,0.188,0.235,0.25,0.485,39,0.22,33,4,0,0,0,0,0,/5,,,
Drew Ellis,2023,27,PHI,NL,0.2,12,29,23,4,5,0,0,2,4,0,1,6,7,0.217,0.379,0.478,0.858,133,0.381,153,11,0,0,0,0,0,/35H,,,
Charles Leblanc,2022,26,MIA,NL,0.7,48,169,156,18,41,10,0,4,11,4,2,12,53,0.263,0.32,0.404,0.723,103,0.328,108,63,0,1,0,0,0,45/3HD,,,
Charles Leblanc,2024,28,LAA,AL,0.1,11,28,21,6,4,0,0,2,6,0,0,7,9,0.19,0.393,0.476,0.869,145,0.378,144,10,0,0,0,0,0,/543D,,,
Joshua Palacios,2021,25,TOR,AL,-0.1,13,42,35,7,7,0,0,0,4,0,0,3,11,0.2,0.293,0.2,0.493,38,0.236,35,7,0,2,1,1,0,/978DH,,,
Joshua Palacios,2022,26,WSN,NL,-0.2,29,49,47,8,10,2,0,0,2,1,0,1,15,0.213,0.245,0.255,0.5,45,0.228,38,12,0,1,0,0,0,H9/7D,,,
Joshua Palacios,2023,27,PIT,NL,-0.2,91,264,247,26,59,9,2,10,40,5,0,12,56,0.239,0.279,0.413,0.692,85,0.3,78,102,7,2,2,1,0,9H78/D,,,
Brian Serven,2022,27,COL,NL,0,62,205,187,19,38,4,1,6,16,0,0,13,44,0.203,0.261,0.332,0.593,59,0.273,57,62,7,2,2,1,0,2/H13D,,,
Brian Serven,2023,28,COL,NL,-0.4,11,23,23,0,3,1,0,0,1,0,0,0,10,0.13,0.13,0.174,0.304,-21,0.132,-48,4,0,0,0,0,0,2/HD,,,
Brian Serven,2024,29,TOR,AL,0.1,28,71,63,6,10,4,0,0,3,0,0,5,22,0.159,0.243,0.222,0.465,34,0.229,38,14,0,2,1,0,0,2/H,,,
Donovan Walton,2019,25,SEA,AL,0,7,19,16,2,3,0,0,0,2,0,1,3,5,0.188,0.316,0.188,0.503,44,0.27,84,3,0,0,0,0,0,/64,,,
Donovan Walton,2020,26,SEA,AL,-0.1,5,14,13,0,2,1,0,0,3,0,1,1,5,0.154,0.214,0.231,0.445,26,0.166,21,3,1,0,0,0,0,/64,,,
Donovan Walton,2021,27,SEA,AL,0,24,69,63,6,13,2,1,2,7,1,0,4,15,0.206,0.254,0.365,0.619,72,0.279,73,23,1,0,2,0,0,4/7H56D,,,
Daniel Johnson,2020,24,CLE,AL,-0.3,5,13,12,0,1,0,0,0,0,0,0,1,5,0.083,0.154,0.083,0.237,-32,0.075,-89,1,0,0,0,0,1,/97H,,,
Daniel Johnson,2021,25,CLE,AL,-0.2,30,81,77,9,17,0,0,4,5,1,0,4,27,0.221,0.259,0.377,0.636,73,0.276,66,29,0,0,0,0,0,9/7HD,,,
Daniel Johnson,2024,28,BAL,AL,0,1,1,1,1,0,0,0,0,0,0,0,0,0,0,0,0,0,-100,0,-127,0,0,0,0,0,0,/9H,,,
Cavan Biggio,2019,24,TOR,AL,3.1,100,430,354,66,83,17,2,16,48,14,0,71,123,0.234,0.364,0.429,0.793,113,0.357,117,152,0,2,0,2,0,4/39DH7,ROY-5,,
Cavan Biggio,2020,25,TOR,AL,2.2,59,265,220,41,55,16,0,8,28,6,0,41,61,0.25,0.375,0.432,0.807,122,0.37,128,95,2,3,0,0,0,495/8H7D,,,
Cavan Biggio,2021,26,TOR,AL,0.2,79,294,250,27,56,10,1,7,27,3,1,37,78,0.224,0.322,0.356,0.678,84,0.298,80,89,4,1,1,4,2,59/34HD7,,,
Nicky Lopez,2019,24,KCR,AL,-0.2,103,402,379,44,91,22,2,2,30,1,1,18,51,0.24,0.276,0.325,0.601,58,0.266,54,123,5,1,4,0,0,46/HD,,,
Nicky Lopez,2020,25,KCR,AL,0.2,56,192,169,15,34,8,0,1,13,0,5,18,41,0.201,0.286,0.266,0.552,51,0.246,50,45,1,2,3,0,0,*4/65H,,,
Nicky Lopez,2021,26,KCR,AL,4.4,151,565,497,78,149,21,6,2,43,22,1,49,74,0.3,0.365,0.378,0.744,104,0.339,104,188,9,4,12,3,0,*6/4H,,,
Tres Barrera,2019,24,WSN,NL,-0.1,2,2,2,0,0,0,0,0,0,0,0,0,0,0,0,0,0,-100,0,-142,0,0,0,0,0,0,/2H,,,
Tres Barrera,2021,26,WSN,NL,0.5,30,107,91,8,24,3,1,2,10,0,0,12,22,0.264,0.374,0.385,0.758,111,0.345,117,35,3,4,0,0,2,2/H,,,
Tres Barrera,2022,27,WSN,NL,-0.4,19,53,50,2,9,1,0,0,4,0,0,2,16,0.18,0.212,0.2,0.412,20,0.185,9,10,1,0,1,0,0,2,,,
Tommy Edman,2019,24,STL,NL,4,92,349,326,59,99,17,7,11,36,15,1,16,61,0.304,0.35,0.5,0.85,122,0.382,132,163,3,7,0,0,0,54H9/78,,,
Tommy Edman,2020,25,STL,NL,1.1,55,227,204,29,51,7,1,5,26,2,4,16,48,0.25,0.317,0.368,0.685,90,0.302,92,75,5,5,0,2,0,569/47H,,,
Tommy Edman,2021,26,STL,NL,3.8,159,691,641,91,168,41,3,11,56,30,5,38,95,0.262,0.308,0.387,0.695,91,0.317,93,248,4,6,2,4,1,*49/6H,GG,,
Jake Noll,2019,25,WSN,NL,-0.1,8,13,12,1,2,1,0,0,2,0,0,1,4,0.167,0.231,0.25,0.481,25,0.215,12,3,0,0,0,0,0,/H35,,,
Jake Noll,2020,26,WSN,NL,-0.1,7,17,17,2,6,1,0,0,0,0,0,0,4,0.353,0.353,0.412,0.765,107,0.326,99,7,1,0,0,0,0,/3HD5,,,
Andrew Knizner,2019,24,STL,NL,0.2,18,58,53,7,12,2,0,2,7,2,0,4,14,0.226,0.293,0.377,0.67,76,0.314,83,20,3,1,0,0,0,2/H3,,,
Andrew Knizner,2020,25,STL,NL,-0.1,8,17,16,1,4,1,0,0,4,0,0,0,5,0.25,0.235,0.313,0.548,50,0.231,38,5,2,0,0,1,0,/2HD,,,
Andrew Knizner,2021,26,STL,NL,-0.3,63,185,161,18,28,7,0,1,9,0,0,20,39,0.174,0.281,0.236,0.517,46,0.241,43,38,7,4,0,0,2,2H/3,,,
Gavin Sheets,2021,25,CHW,AL,0.1,54,179,160,23,40,8,0,11,34,0,0,16,40,0.25,0.324,0.506,0.83,122,0.36,126,81,4,2,0,1,0,D93/H7,,,
Gavin Sheets,2022,26,CHW,AL,-0.5,124,410,377,34,91,19,0,15,53,0,0,27,86,0.241,0.295,0.411,0.706,99,0.315,100,155,9,3,0,3,0,9HD3/7,,,
Gavin Sheets,2023,27,CHW,AL,-1.5,118,344,311,24,63,10,0,10,43,1,0,28,66,0.203,0.267,0.331,0.599,64,0.267,61,103,6,1,0,4,2,9H3D/7,,,
Joe Dunand,2022,26,MIA,NL,11,0.439,187,0.333,0.4,9.1,27.3,0,85.9,28.6,14.3,14.3,57.1,0.17,57.1,42.9,0,0.1,0.10%,0.32,33.3,0,/45,,,,,,,,
Taylor Walls,2021,24,TBR,AL,1.4,54,176,152,15,32,10,0,1,15,4,2,23,49,0.211,0.314,0.296,0.61,75,0.281,79,45,3,0,1,0,0,6/H45D,,,
Taylor Walls,2022,25,TBR,AL,2.5,142,466,407,53,70,18,2,8,33,10,3,52,120,0.172,0.268,0.285,0.553,62,0.257,62,116,6,2,2,2,0,645/HD,,,
Taylor Walls,2023,26,TBR,AL,2,99,349,303,50,61,12,2,8,36,22,1,44,92,0.201,0.305,0.333,0.638,78,0.302,79,101,1,1,1,0,0,546/H,,,
Luis Gonz�lez,2020,24,CHW,AL,0,3,2,1,1,0,0,0,0,0,0,0,0,1,0,0.5,0,0.5,57,0.364,129,0,0,1,0,0,0,/H78D,,,
Luis Gonz�lez,2021,25,CHW,AL,0.1,6,11,8,2,2,2,0,0,0,0,0,3,2,0.25,0.455,0.5,0.955,162,0.413,163,4,1,0,0,0,0,/97H,,,
Luis Gonz�lez,2022,26,SFG,NL,0.3,98,350,311,31,79,17,2,4,36,10,2,30,75,0.254,0.323,0.36,0.683,95,0.305,91,112,5,4,0,5,1,97/H81D,,,
Riley Adams,2021,25,2TM,2LG,0.5,47,120,99,13,22,8,1,2,10,0,0,15,40,0.222,0.358,0.384,0.742,105,0.341,112,38,2,6,0,0,0,2H,,,
Riley Adams,2022,26,WSN,NL,0,48,155,142,14,25,4,0,5,10,0,1,12,46,0.176,0.245,0.31,0.555,59,0.257,64,44,2,1,0,0,0,2/HD3,,,
Riley Adams,2023,27,WSN,NL,1.1,44,158,143,8,39,13,2,4,21,0,0,11,45,0.273,0.331,0.476,0.807,121,0.345,119,68,5,2,1,1,0,2/HD,,,
Connor Wong,2021,25,BOS,AL,0.3,6,14,13,3,4,1,1,0,1,0,0,1,7,0.308,0.357,0.538,0.896,135,0.44,177,7,0,0,0,0,0,/2HD,,,
Connor Wong,2022,26,BOS,AL,-0.1,27,56,48,8,9,3,0,1,7,0,0,5,16,0.188,0.273,0.313,0.585,63,0.256,51,15,0,1,1,1,0,2/H45D,,,
Connor Wong,2023,27,BOS,AL,2.2,126,403,371,55,87,25,2,9,36,8,2,22,134,0.235,0.288,0.385,0.673,80,0.299,78,143,4,6,3,1,0,*2H/4D,,,
Jason Delay,2022,27,PIT,NL,-0.4,57,167,155,17,33,6,0,1,11,0,2,9,50,0.213,0.265,0.271,0.536,53,0.242,51,42,4,2,1,0,0,2,,,
Jason Delay,2023,28,PIT,NL,-0.1,70,187,167,20,42,11,1,1,18,0,0,14,44,0.251,0.319,0.347,0.666,81,0.294,77,58,5,3,2,1,0,2/H,,,
Jason Delay,2024,29,PIT,NL,0.1,7,19,15,1,3,3,0,0,6,0,0,3,0,0.2,0.333,0.4,0.733,105,0.322,103,6,0,0,1,0,0,/2DH,,,
Kramer Robertson,2022,27,STL,NL,-0.1,2,1,1,0,0,0,0,0,1,0,0,0,0,0,0,0,0,-100,0,-127,0,0,0,0,0,0,/H6D,,,
Kevin Smith,2021,24,TOR,AL,-0.3,18,36,32,2,3,0,0,1,1,0,0,3,11,0.094,0.194,0.188,0.382,5,0.182,-1,6,0,1,0,0,0,5/H37D,,,
Kevin Smith,2022,25,OAK,AL,0.4,47,151,139,9,25,9,1,2,13,4,0,7,42,0.18,0.216,0.302,0.518,51,0.246,52,42,5,0,3,2,0,56/H,,,
Kevin Smith,2023,26,OAK,AL,-0.3,49,146,135,15,25,4,0,5,11,1,0,5,51,0.185,0.22,0.326,0.546,52,0.235,42,44,3,1,5,0,0,65/HD,,,
Ernie Clement,2021,25,CLE,AL,-0.1,40,133,121,16,28,4,0,3,9,0,1,7,19,0.231,0.285,0.339,0.623,71,0.278,72,41,3,2,3,0,0,45/H76,,,
Ernie Clement,2022,26,2TM,AL,-0.7,69,179,163,19,30,4,0,0,6,0,1,11,26,0.184,0.243,0.209,0.452,33,0.22,37,34,3,2,2,1,0,5H47/D316,,,
Ernie Clement,2023,27,TOR,AL,0.9,29,52,50,7,19,1,1,1,10,1,0,1,4,0.38,0.385,0.5,0.885,143,0.381,141,25,0,0,0,1,0,6H/45D1,,,
David Ba�uelos,2024,27,BAL,AL,0,1,1,1,0,0,0,0,0,0,0,0,0,0,0,0,0,0,-100,0,-127,0,0,0,0,0,0,/H,,,
David Ba�uelos,2025,28,BAL,AL,0,1,2,1,0,0,0,0,0,0,0,0,0,1,0,0.5,0,0.5,61,0.358,135,0,0,1,0,0,0,/DH,,,
Dalton Guthrie,2022,26,PHI,NL,0.4,14,28,21,3,7,0,0,1,5,1,0,6,7,0.333,0.5,0.476,0.976,180,0.442,184,10,0,1,0,0,0,9/H45,,,
Dalton Guthrie,2023,27,PHI,NL,0.2,23,28,24,4,4,1,0,0,0,0,0,3,7,0.167,0.286,0.208,0.494,39,0.241,41,5,0,1,0,0,0,7/8H95,,,
Dane Myers,2023,27,MIA,NL,-0.4,22,70,67,9,18,3,0,1,9,1,1,2,19,0.269,0.286,0.358,0.644,70,0.271,59,24,1,0,0,1,0,8/7DH,,,
Dane Myers,2024,28,MIA,NL,0.6,44,108,95,17,25,6,1,3,19,4,1,8,36,0.263,0.333,0.442,0.775,113,0.346,116,42,0,3,0,2,0,9H8/7D,,,
Dane Myers,2025,29,MIA,NL,-0.1,106,333,307,29,72,10,0,6,31,18,5,23,77,0.235,0.291,0.326,0.617,71,0.284,69,100,12,2,0,1,0,89H7/D,,,
Bryce Johnson,2022,26,SFG,NL,-0.3,11,19,18,1,2,0,0,0,2,0,0,1,7,0.111,0.158,0.111,0.269,-21,0.131,-32,2,0,0,0,0,0,/897H,,,
Bryce Johnson,2023,27,SFG,NL,-0.2,30,48,43,7,7,1,0,1,3,3,0,4,15,0.163,0.229,0.256,0.485,35,0.23,27,11,0,0,0,1,0,8/H7,,,
Bryce Johnson,2024,28,SDP,NL,-0.3,47,73,63,9,13,2,0,0,4,1,1,7,12,0.206,0.286,0.238,0.524,50,0.237,43,15,1,0,3,0,0,9H/78D,,,
Mason McCoy,2023,28,TOR,AL,0,6,1,1,2,0,0,0,0,0,0,0,0,1,0,0,0,0,-100,0,-125,0,0,0,0,0,0,/6H,,,
Mason McCoy,2024,29,SDP,NL,-0.1,19,57,49,7,10,2,0,0,3,1,0,5,19,0.204,0.278,0.245,0.523,49,0.24,38,12,2,0,3,0,0,6,,,
Mason McCoy,2025,30,SDP,NL,-0.1,18,26,22,5,3,1,0,0,1,2,0,3,7,0.136,0.269,0.182,0.451,29,0.272,52,4,0,1,0,0,0,6/H4D,,,
Mark Kolozsvary,2022,26,CIN,NL,0.1,10,21,20,3,4,2,0,1,3,0,0,1,9,0.2,0.238,0.45,0.688,84,0.288,73,9,1,0,0,0,0,/2H,,,
Jared Oliva,2020,24,PIT,NL,-0.2,6,16,16,0,3,0,0,0,0,1,0,0,6,0.188,0.188,0.188,0.375,3,0.172,-18,3,0,0,0,0,0,/78H,,,
Jared Oliva,2021,25,PIT,NL,-0.4,20,43,40,4,7,2,0,0,2,2,0,3,10,0.175,0.233,0.225,0.458,25,0.23,21,9,0,0,0,0,1,9/H78,,,
Corey Julks,2023,27,HOU,AL,0.3,93,323,298,35,73,14,0,6,33,15,3,22,75,0.245,0.297,0.352,0.65,79,0.296,79,105,6,1,0,2,0,7DH/9,,,
Corey Julks,2024,28,CHW,AL,-1.1,66,189,173,17,37,7,0,3,14,5,2,15,50,0.214,0.275,0.306,0.581,67,0.261,63,53,6,0,0,1,0,97H/D8,,,
Corey Julks,2025,29,CHW,AL,0.1,6,13,12,2,3,2,0,0,1,0,0,0,3,0.25,0.231,0.417,0.647,77,0.251,54,5,0,0,0,1,0,/7DH,,,
Rylan Bannon,2022,26,2TM,2LG,-0.2,5,15,14,0,2,0,0,0,0,0,0,0,5,0.143,0.2,0.143,0.343,2,0.228,39,2,0,1,0,0,0,/54D,,,
Rylan Bannon,2023,27,HOU,AL,-0.2,2,6,6,0,0,0,0,0,0,0,0,0,3,0,0,0,0,-100,0,-127,0,0,0,0,0,0,/4D,,,
Mark Contreras,2022,27,MIN,AL,-0.1,28,61,58,9,7,1,0,3,6,1,0,1,21,0.121,0.148,0.293,0.441,22,0.209,21,17,2,1,0,1,0,8/9H7,,,
Sean Bouchard,2022,26,COL,NL,0.9,27,97,74,9,22,6,0,3,11,0,0,21,25,0.297,0.454,0.5,0.954,158,0.418,162,37,1,1,0,1,0,7/H,,,
Sean Bouchard,2023,27,COL,NL,0.7,21,43,38,11,12,2,0,4,7,0,1,4,14,0.316,0.372,0.684,1.056,167,0.458,193,26,0,0,0,1,0,9/H7D,,,
Sean Bouchard,2024,28,COL,NL,-0.6,31,108,91,14,17,7,0,1,8,4,0,12,33,0.187,0.29,0.297,0.586,58,0.299,70,27,0,2,1,2,0,97/DH,,,
Michael Papierski,2022,26,2TM,NL,-0.6,39,103,91,7,13,1,0,1,4,0,0,10,26,0.143,0.228,0.187,0.415,17,0.207,14,17,4,0,2,0,0,2/3H,,,
Zach Reks,2021,27,LAD,NL,-0.1,6,10,10,2,0,0,0,0,0,0,0,0,7,0,0,0,0,-100,0.09,-73,0,0,0,0,0,0,/H79,,,
Zach Reks,2022,28,TEX,AL,-0.5,16,34,34,3,9,1,0,0,3,0,1,0,10,0.265,0.265,0.294,0.559,59,0.234,52,10,0,0,0,0,0,7/H9,,,
Joey Bart,2020,23,SFG,NL,0.3,33,111,103,15,24,5,2,0,7,0,0,3,41,0.233,0.288,0.32,0.609,68,0.295,82,33,1,5,0,0,0,2/DH,,,
Joey Bart,2021,24,SFG,NL,0,2,6,6,1,2,0,0,0,1,0,0,0,2,0.333,0.333,0.333,0.667,83,0.283,70,2,0,0,0,0,0,/2H,,,
Joey Bart,2022,25,SFG,NL,0.8,97,291,261,34,56,6,0,11,25,2,1,26,112,0.215,0.296,0.364,0.66,87,0.296,87,95,5,4,0,0,0,2/HD,,,
Alec Bohm,2020,23,PHI,NL,0.7,44,180,160,24,54,11,0,4,23,1,1,16,36,0.338,0.4,0.481,0.881,137,0.385,139,77,4,2,0,2,0,5/3D,ROY-2,,
Alec Bohm,2021,24,PHI,NL,-1.2,115,417,380,46,94,15,0,7,47,4,0,31,111,0.247,0.305,0.342,0.647,75,0.298,77,130,12,2,0,4,0,5/H3,,,
Alec Bohm,2022,25,PHI,NL,0.9,152,631,586,79,164,24,3,13,72,2,3,31,110,0.28,0.315,0.398,0.713,101,0.323,106,233,18,4,0,10,1,*53/DH,,,
Nick Madrigal,2020,23,CHW,AL,0.5,29,109,103,8,35,3,0,0,11,2,1,4,7,0.34,0.376,0.369,0.745,107,0.347,117,38,5,2,0,0,0,4,,,
Nick Madrigal,2021,24,CHW,AL,1.2,54,215,200,30,61,10,4,2,21,1,2,11,17,0.305,0.349,0.425,0.774,111,0.354,124,85,3,3,0,1,0,4/DH,,,
Nick Madrigal,2022,25,CHC,NL,0.6,59,228,209,19,52,7,0,0,7,3,1,14,27,0.249,0.305,0.282,0.588,66,0.275,66,59,6,3,2,0,0,4/H,,,
Jonathan India,2021,24,CIN,NL,4.1,150,631,532,98,143,34,2,21,69,12,3,71,141,0.269,0.376,0.459,0.835,116,0.377,123,244,13,23,1,4,1,*4/H,ROY-1,,
Jonathan India,2022,25,CIN,NL,-0.3,103,431,386,48,96,16,2,10,41,3,4,31,94,0.249,0.327,0.378,0.705,94,0.319,97,146,5,14,0,0,1,4D/H,,,
Jonathan India,2023,26,CIN,NL,1.3,119,529,454,78,111,23,0,17,61,14,2,52,109,0.244,0.338,0.407,0.746,98,0.337,101,185,13,16,0,7,0,4D/H,,,
Travis Swaggerty,2022,24,PIT,NL,-0.2,5,9,9,0,1,0,0,0,0,0,0,0,4,0.111,0.111,0.111,0.222,-36,0.089,-62,1,0,0,0,0,0,/7H8D,,,
Trevor Larnach,2021,24,MIN,AL,0.4,79,301,260,29,58,12,0,7,28,1,0,31,104,0.223,0.322,0.35,0.672,88,0.304,90,91,3,8,0,2,0,79/H,,,
Trevor Larnach,2022,25,MIN,AL,1.4,51,180,160,22,37,13,0,5,18,0,0,18,57,0.231,0.306,0.406,0.712,102,0.309,97,65,1,0,0,2,1,79/DH,,,
Trevor Larnach,2023,26,MIN,AL,0,58,212,183,26,39,7,3,8,40,1,1,27,72,0.213,0.311,0.415,0.727,97,0.318,98,76,2,0,0,2,1,79/HD,,,
Nico Hoerner,2019,22,CHC,NL,0.3,20,82,78,13,22,1,1,3,17,0,0,3,11,0.282,0.305,0.436,0.741,90,0.308,81,34,3,0,0,1,1,6/48H,,,
Nico Hoerner,2020,23,CHC,NL,0.8,48,126,108,19,24,4,0,0,13,3,2,12,24,0.222,0.312,0.259,0.571,57,0.277,65,28,3,3,0,2,0,46/5H78D,,,
Nico Hoerner,2021,24,CHC,NL,1.2,44,170,149,13,45,10,0,0,16,5,3,17,25,0.302,0.382,0.369,0.751,106,0.343,112,55,3,3,0,1,3,46/785H,,,
Seth Beer,2021,24,ARI,NL,0.1,5,10,9,4,4,1,0,1,3,0,0,1,3,0.444,0.5,0.889,1.389,266,0.575,275,8,0,0,0,0,0,/DH3,,,
Seth Beer,2022,25,ARI,NL,-1,38,126,111,4,21,3,0,1,9,0,0,11,31,0.189,0.278,0.243,0.521,50,0.239,45,27,3,3,0,1,1,D/3H,,,
Steele Walker,2022,25,TEX,AL,-0.2,5,16,14,1,1,0,0,1,1,0,0,2,4,0.071,0.188,0.286,0.473,32,0.215,27,4,0,0,0,0,0,/79H,,,
Griffin Conine,2024,26,MIA,NL,0.8,30,89,82,14,22,4,1,3,12,0,0,6,28,0.268,0.326,0.451,0.777,113,0.332,109,37,1,1,0,0,0,9/7HD,,,
Griffin Conine,2025,27,MIA,NL,0.1,24,86,79,13,20,7,0,2,8,0,1,7,25,0.253,0.314,0.418,0.732,101,0.325,107,33,0,0,0,0,0,7/9DH,,,
Kody Clemens,2022,26,DET,AL,-0.2,56,127,117,13,17,4,0,5,17,1,0,8,33,0.145,0.197,0.308,0.505,43,0.222,34,36,1,0,0,2,0,5H3/471D,,,
Kody Clemens,2023,27,PHI,NL,0,47,148,139,15,32,7,0,4,13,0,0,8,40,0.23,0.277,0.367,0.644,75,0.279,68,51,1,1,0,0,0,3/H1D69,,,
Kody Clemens,2024,28,PHI,NL,0.3,43,120,114,17,25,9,1,5,18,0,0,5,29,0.219,0.258,0.447,0.706,91,0.3,85,51,2,1,0,0,0,H35/471D,,,
Carlos Cortes,2025,28,ATH,AL,0.7,42,99,94,11,29,8,1,4,14,0,0,3,20,0.309,0.323,0.543,0.866,133,0.36,131,51,3,0,0,2,0,9H/75D,,,
Owen Miller,2021,24,CLE,AL,-1,60,202,191,17,39,8,0,4,18,2,0,9,54,0.204,0.243,0.309,0.551,51,0.254,52,59,7,1,0,1,0,43/5HD6,,,
Owen Miller,2022,25,CLE,AL,0.3,130,472,424,53,103,26,1,6,51,2,0,32,93,0.243,0.301,0.351,0.652,89,0.292,86,149,8,7,0,9,1,34DH/5,,,
Owen Miller,2023,26,MIL,NL,0.3,90,314,291,29,76,17,0,5,27,13,2,17,61,0.261,0.303,0.371,0.674,83,0.3,79,108,6,2,0,4,1,435H/7D9,,,
Connor Kaiser,2023,26,COL,NL,-0.1,3,4,4,0,0,0,0,0,0,0,0,0,2,0,0,0,0,-100,0,-140,0,0,0,0,0,0,/6H,,,
Connor Kaiser,2025,28,ARI,NL,-0.3,11,19,18,1,2,1,0,0,2,0,0,1,5,0.111,0.158,0.167,0.325,-10,0.15,-22,3,1,0,0,0,0,/4H,,,
Cal Raleigh,2021,24,SEA,AL,-0.5,47,148,139,6,25,12,0,2,13,0,0,7,52,0.18,0.223,0.309,0.532,48,0.229,41,43,3,1,0,1,0,2/H,,,
Cal Raleigh,2022,25,SEA,AL,3.9,119,415,370,46,78,20,1,27,63,1,0,38,122,0.211,0.284,0.489,0.774,122,0.338,123,181,5,2,0,5,0,*2H/D,,,
Cal Raleigh,2023,26,SEA,AL,3.4,145,569,513,78,119,23,1,30,75,0,0,54,158,0.232,0.306,0.456,0.762,114,0.331,116,234,6,1,0,1,1,*2HD,MVP-18,,
Ford Proctor,2022,25,SFG,NL,-0.2,7,22,18,3,2,0,0,1,6,0,0,2,3,0.111,0.182,0.278,0.46,29,0.197,16,5,0,0,0,2,0,/42H,,,
Kyle Isbel,2021,24,KCR,AL,0.6,28,83,76,16,21,5,2,1,7,2,0,7,23,0.276,0.337,0.434,0.772,108,0.345,111,33,0,0,0,0,0,9/87HD,,,
Kyle Isbel,2022,25,KCR,AL,0.5,106,278,256,32,54,10,4,5,28,9,6,16,75,0.211,0.264,0.34,0.603,70,0.262,62,87,5,3,1,2,0,987H/D,,,
Kyle Isbel,2023,26,KCR,AL,2,91,313,292,45,70,22,2,5,34,7,1,17,59,0.24,0.282,0.38,0.662,79,0.289,73,111,5,1,1,2,0,8/HD,,,
Terrin Vavra,2022,25,BAL,AL,0,40,103,89,14,23,2,1,1,12,0,1,12,19,0.258,0.34,0.337,0.677,97,0.298,94,30,2,0,0,2,0,47/HD9,,,
Terrin Vavra,2023,26,BAL,AL,-0.5,27,56,49,9,12,0,0,0,5,1,0,5,12,0.245,0.315,0.245,0.56,62,0.28,72,12,5,0,2,0,0,9/7HD54,,,
Terrin Vavra,2025,28,BAL,AL,0,1,1,1,0,0,0,0,0,0,0,0,0,0,0,0,0,0,-100,0,-136,0,0,0,0,0,0,/4H,,,
Jeremy Pe�a,2022,24,HOU,AL,5,136,558,521,72,132,20,2,22,63,11,2,22,135,0.253,0.289,0.426,0.715,102,0.319,102,222,5,6,1,5,0,*6/H,ROY-5GG,,
Jeremy Pe�a,2023,25,HOU,AL,3.9,150,634,577,81,152,32,3,10,52,13,9,43,129,0.263,0.324,0.381,0.705,95,0.315,99,220,11,9,1,1,1,*6,,,
Jeremy Pe�a,2024,26,HOU,AL,3.9,157,650,602,78,160,28,2,15,70,20,6,25,111,0.266,0.308,0.394,0.701,99,0.311,97,237,15,14,3,6,1,*6,,,
Richie Palacios,2022,25,CLE,AL,-0.2,54,123,112,7,26,6,0,0,10,2,0,9,20,0.232,0.293,0.286,0.578,69,0.261,61,32,2,1,0,1,1,7HD/4,,,
Richie Palacios,2023,26,STL,NL,0.6,32,102,93,9,24,6,0,6,16,2,0,6,11,0.258,0.307,0.516,0.823,119,0.354,118,48,1,1,1,1,0,7/8HD94,,,
Richie Palacios,2024,27,TBR,AL,1.8,92,316,264,46,59,8,1,5,21,19,1,45,67,0.223,0.346,0.318,0.664,94,0.318,96,84,5,5,0,1,2,497H/D56,,,
Alfonso Rivas III,2021,24,CHC,NL,0.1,18,49,44,7,14,1,0,1,3,0,0,4,16,0.318,0.388,0.409,0.797,117,0.356,120,18,1,1,0,0,0,/H379,,,
Alfonso Rivas III,2022,25,CHC,NL,0.4,101,287,251,27,59,5,2,3,25,6,1,29,87,0.235,0.322,0.307,0.628,77,0.288,73,77,1,4,1,2,1,3H/D79,,,
Alfonso Rivas III,2023,26,2TM,NL,0.3,48,123,109,8,25,10,1,3,15,1,0,9,36,0.229,0.303,0.422,0.725,95,0.313,90,46,1,3,1,1,0,3/H7,,,
Nick Fortes,2021,24,MIA,NL,0.2,14,34,31,6,9,0,0,4,7,1,0,3,8,0.29,0.353,0.677,1.03,170,0.437,173,21,1,0,0,0,0,/2HD,,,
Nick Fortes,2022,25,MIA,NL,1.2,72,240,217,41,50,6,1,9,24,5,3,18,45,0.23,0.304,0.392,0.696,95,0.313,98,85,5,5,0,0,0,2DH/3,,,
Nick Fortes,2023,26,MIA,NL,-0.3,108,323,294,33,60,10,0,6,26,4,2,17,59,0.204,0.263,0.299,0.562,49,0.259,46,88,12,7,3,2,0,2H/D,,,
DaShawn Keirsey Jr.,2024,27,MIN,AL,0,6,14,13,1,2,0,0,1,1,0,0,0,1,0.154,0.214,0.385,0.599,64,0.254,55,5,0,1,0,0,0,/87,,,
DaShawn Keirsey Jr.,2025,28,MIN,AL,-1.2,74,88,84,11,9,0,0,2,6,10,3,2,33,0.107,0.138,0.179,0.317,-13,0.162,-24,15,1,1,1,0,0,9H78/D,,,
Matt Vierling,2021,24,PHI,NL,0.2,34,77,71,11,23,3,1,2,6,2,0,4,20,0.324,0.364,0.479,0.843,126,0.375,129,34,1,1,0,1,1,H/3879,,,
Matt Vierling,2022,25,PHI,NL,-0.4,117,357,325,41,80,12,2,6,32,7,4,23,70,0.246,0.297,0.351,0.648,84,0.287,80,114,7,3,0,6,0,897H/543D,,,
Matt Vierling,2023,26,DET,AL,1.5,134,530,479,63,125,21,5,10,44,6,6,44,112,0.261,0.329,0.388,0.717,98,0.316,100,186,8,5,1,1,1,*9758H/4,,,
Grant Koch,2024,27,PIT,NL,-0.1,3,8,7,1,0,0,0,0,0,0,0,1,6,0,0.125,0,0.125,-60,0.086,-68,0,0,0,0,0,0,/2H,,,
Brandon Lockridge,2024,27,SDP,NL,0,12,12,12,4,2,0,0,1,1,2,0,0,4,0.167,0.167,0.417,0.583,56,0.275,42,5,0,0,0,0,0,/7H9D8,,,
Brandon Lockridge,2025,28,2TM,NL,0.2,67,148,134,17,31,7,1,0,11,10,1,8,36,0.231,0.276,0.299,0.574,60,0.266,51,40,2,1,3,2,0,78H9/D,,,
Steven Kwan,2022,24,CLE,AL,5.7,147,638,563,89,168,25,7,6,52,19,5,62,60,0.298,0.373,0.4,0.772,124,0.349,126,225,9,7,2,4,2,*79/8HD,ROY-3GG,,
Steven Kwan,2023,25,CLE,AL,3.2,158,718,638,93,171,36,7,5,54,21,3,70,75,0.268,0.34,0.37,0.71,97,0.319,97,236,9,3,1,6,2,*7/DH,GG,,
Steven Kwan,2024,26,CLE,AL,4,122,540,480,83,140,16,3,14,44,12,5,53,51,0.292,0.368,0.425,0.793,126,0.352,128,204,5,5,2,0,0,*7/DH,ASGG,,
Brendan Donovan,2022,25,STL,NL,4,126,468,391,64,110,21,1,5,45,2,3,60,70,0.281,0.394,0.379,0.773,124,0.352,130,148,8,14,1,2,1,45973DH/6,ROY-3GG,,
Brendan Donovan,2023,26,STL,NL,1.9,95,371,327,48,93,10,1,11,34,5,1,33,53,0.284,0.365,0.422,0.787,114,0.358,122,138,4,9,1,1,2,47D3H/956,,,
Brendan Donovan,2024,27,STL,NL,2.8,153,652,587,65,163,34,3,14,73,5,5,47,81,0.278,0.342,0.417,0.759,114,0.332,114,245,4,13,0,5,0,74/5DH9,,,
David Fry,2023,27,CLE,AL,0.4,57,113,101,12,24,6,0,4,15,2,0,8,30,0.238,0.319,0.416,0.734,101,0.332,106,42,3,4,0,0,0,23H/917D5,,,
David Fry,2024,28,CLE,AL,1.4,122,392,335,44,88,18,1,14,51,4,1,42,84,0.263,0.356,0.448,0.804,128,0.352,128,150,13,9,0,4,4,DH237/59,AS,,
David Fry,2025,29,CLE,AL,-0.8,66,157,146,16,25,4,0,8,23,1,0,9,58,0.171,0.229,0.363,0.592,61,0.256,54,53,3,2,0,0,0,DH,,,
C�sar Salazar,2023,27,HOU,AL,-0.2,13,19,18,1,2,0,0,0,0,0,0,1,6,0.111,0.158,0.111,0.269,-23,0.13,-35,2,1,0,0,0,0,/2H,,,
C�sar Salazar,2024,28,HOU,AL,0.2,12,32,25,5,8,2,0,0,8,0,0,2,6,0.32,0.387,0.4,0.787,126,0.344,123,10,0,2,1,2,0,2/DH,,,
C�sar Salazar,2025,29,HOU,AL,-0.1,11,16,13,0,3,0,0,0,1,0,0,2,2,0.231,0.375,0.231,0.606,75,0.291,81,3,1,1,0,0,0,/2HD1,,,
James Outman,2022,25,LAD,NL,0.4,4,16,13,6,6,2,0,1,3,0,0,2,7,0.462,0.563,0.846,1.409,289,0.585,290,11,0,1,0,0,0,/79D,,,
James Outman,2023,26,LAD,NL,3.4,151,567,483,86,120,16,3,23,70,16,3,68,181,0.248,0.353,0.437,0.79,114,0.349,114,211,4,12,0,4,1,*87/H9D,ROY-3,,
James Outman,2024,27,LAD,NL,-0.5,53,156,136,12,20,4,0,4,11,2,1,16,55,0.147,0.256,0.265,0.521,49,0.24,48,36,0,4,0,0,0,8H/79,,,
Tyler Cropley,2023,27,KCR,AL,-0.1,2,7,6,0,1,0,0,0,1,0,0,0,2,0.167,0.143,0.167,0.31,-16,0.127,-40,1,0,0,0,1,0,/2,,,
Willie MacIver,2025,28,ATH,AL,-0.2,32,111,102,7,19,5,0,3,9,3,0,7,27,0.186,0.252,0.324,0.576,58,0.259,53,33,1,2,0,0,0,1-Feb,,,
Cal Stevenson,2022,25,OAK,AL,-0.2,23,71,60,5,10,3,0,0,1,1,1,8,23,0.167,0.261,0.217,0.478,43,0.218,38,13,1,0,2,1,0,8/9H7,,,
Cal Stevenson,2023,26,SFG,NL,0,6,12,9,1,0,0,0,0,0,0,0,3,2,0,0.25,0,0.25,-21,0.25,52,0,0,0,0,0,0,/8,,,
Cal Stevenson,2024,27,PHI,NL,-0.1,18,27,24,2,6,3,0,0,6,0,0,3,4,0.25,0.333,0.375,0.708,97,0.311,93,9,1,0,0,0,0,8/H97,,,
Adley Rutschman,2022,24,BAL,AL,5.4,113,470,398,70,101,35,1,13,42,4,0,65,86,0.254,0.362,0.445,0.806,131,0.361,134,177,4,4,0,3,0,2D/H,MVP-12ROY-2,,
Adley Rutschman,2023,25,BAL,AL,4.3,154,687,588,84,163,31,1,20,80,1,2,92,101,0.277,0.374,0.435,0.809,128,0.35,127,256,14,2,0,5,6,*2D/H,ASMVP-9SS,,
Adley Rutschman,2024,26,BAL,AL,3.1,148,638,571,68,143,21,1,19,79,1,0,58,103,0.25,0.318,0.391,0.709,105,0.313,104,223,9,2,0,7,3,2D/H,AS,,
JJ Bleday,2022,24,MIA,NL,-0.7,65,238,204,21,34,10,2,5,16,4,1,30,67,0.167,0.277,0.309,0.586,66,0.268,63,63,5,2,0,2,0,87/H9,,,
JJ Bleday,2023,25,OAK,AL,-0.1,82,303,256,35,50,11,0,10,27,5,1,42,72,0.195,0.31,0.355,0.666,88,0.299,90,91,3,2,0,3,0,789/HD,,,
JJ Bleday,2024,26,OAK,AL,2.1,159,642,572,74,139,43,4,20,60,2,3,67,125,0.243,0.324,0.437,0.762,120,0.333,121,250,8,2,1,0,2,*8H/D,,,
Josh Jung,2022,24,TEX,AL,0,26,102,98,9,20,4,1,5,14,2,0,4,39,0.204,0.235,0.418,0.654,81,0.286,75,41,2,0,0,0,0,5/D,,,
Josh Jung,2023,25,TEX,AL,2.6,122,515,478,75,127,25,1,23,70,1,3,30,151,0.266,0.315,0.467,0.781,113,0.334,112,223,7,5,0,2,0,*5/H,ASROY-4,,
Josh Jung,2024,26,TEX,AL,0.7,46,188,178,19,47,5,1,7,16,4,0,8,48,0.264,0.298,0.421,0.719,108,0.319,107,75,1,1,0,1,0,5/D,,,
Shea Langeliers,2022,24,OAK,AL,0.2,40,153,142,14,31,10,1,6,22,0,0,9,53,0.218,0.261,0.43,0.691,99,0.295,93,61,4,0,0,2,0,D2,,,
Shea Langeliers,2023,25,OAK,AL,0.9,135,490,448,52,92,19,4,22,63,3,2,34,143,0.205,0.268,0.413,0.681,89,0.293,87,185,10,5,1,2,2,*2/DH,,,
Shea Langeliers,2024,26,OAK,AL,2.9,137,534,482,58,108,18,2,29,80,4,2,41,145,0.224,0.288,0.45,0.739,111,0.321,111,217,15,5,0,6,2,*2/HD,,,
Bryson Stott,2022,24,PHI,NL,1.2,127,466,427,58,100,19,2,10,49,12,4,36,89,0.234,0.295,0.358,0.653,85,0.294,83,153,3,1,1,1,0,64/H5,,,
Bryson Stott,2023,25,PHI,NL,4.3,151,640,585,78,164,32,2,15,62,31,3,39,100,0.28,0.329,0.419,0.747,103,0.339,105,245,10,7,1,8,1,*4/HD,,,
Bryson Stott,2024,26,PHI,NL,2.3,148,571,506,65,124,19,2,11,57,32,3,53,93,0.245,0.315,0.356,0.671,86,0.309,84,180,9,3,0,9,1,*46H/D,,,
Will Wilson,2025,26,CLE,AL,-0.5,34,91,78,7,15,4,0,0,2,2,0,7,34,0.192,0.267,0.244,0.511,44,0.238,34,19,1,1,5,0,0,45/H1D,,,
Braden Shewmake,2023,25,ATL,NL,-0.1,2,4,4,0,0,0,0,0,0,0,0,0,1,0,0,0,0,-100,0,-131,0,0,0,0,0,0,/6,,,
Braden Shewmake,2024,26,CHW,AL,-0.6,29,67,64,4,8,2,0,1,4,5,1,1,10,0.125,0.134,0.203,0.337,-5,0.154,-20,13,0,0,0,2,0,6/54HD,,,
Michael Toglia,2022,23,COL,NL,-0.1,31,120,111,10,24,8,2,2,12,1,1,9,44,0.216,0.275,0.378,0.653,74,0.304,82,42,2,0,0,0,0,93/H,,,
Michael Toglia,2023,24,COL,NL,-1.5,45,152,141,18,23,5,0,4,9,1,1,10,50,0.163,0.224,0.284,0.507,31,0.23,23,40,3,1,0,0,0,39/H7D,,,
Michael Toglia,2024,25,COL,NL,2.1,116,458,399,62,87,14,3,25,55,10,1,54,147,0.218,0.311,0.456,0.767,102,0.334,99,182,7,1,0,3,2,39/7,,,
Logan Davidson,2025,27,2TM,AL,-0.6,19,47,42,3,7,2,0,1,4,0,0,3,22,0.167,0.222,0.286,0.508,40,0.218,24,12,1,0,2,0,0,3/H514,,,
Michael Busch,2023,25,LAD,NL,-0.4,27,81,72,9,12,3,0,2,7,1,0,8,27,0.167,0.247,0.292,0.539,46,0.244,40,21,0,0,0,1,0,5/D3H47,,,
Michael Busch,2024,26,CHC,NL,2.8,152,567,496,73,123,28,2,21,65,2,1,63,162,0.248,0.335,0.44,0.775,118,0.338,118,218,9,4,0,4,1,*3H/4D5,,,
Michael Busch,2025,27,CHC,NL,4.6,155,592,524,78,137,25,5,34,90,4,0,56,139,0.261,0.343,0.523,0.866,147,0.376,148,274,2,10,0,2,2,*3H/D,MVP-16,,
Matt Gorski,2025,27,PIT,NL,-0.3,15,42,41,2,8,0,1,2,4,0,1,1,16,0.195,0.214,0.39,0.605,64,0.241,52,16,1,0,0,0,0,3/H87,,,
Aaron Schunk,2024,26,COL,NL,0.2,39,98,94,14,22,3,0,2,7,0,1,4,31,0.234,0.265,0.33,0.595,59,0.26,52,31,0,0,0,0,1,45/H6D,,,
Aaron Schunk,2025,27,COL,NL,-0.3,16,33,32,1,6,1,0,0,0,0,0,0,10,0.188,0.188,0.219,0.406,8,0.18,-13,7,1,0,1,0,0,/64H5D,,,
Josh Smith,2022,24,TEX,AL,0.2,73,253,213,23,42,5,0,2,16,4,3,28,50,0.197,0.307,0.249,0.556,61,0.259,60,53,1,7,2,3,0,57H/6D4,,,
Josh Smith,2023,25,TEX,AL,1,90,232,195,29,36,8,1,6,15,1,0,25,55,0.185,0.304,0.328,0.633,76,0.293,80,64,3,9,2,1,0,657H/D4,,,
Josh Smith,2024,26,TEX,AL,3.5,149,592,523,67,135,30,1,13,62,11,2,46,121,0.258,0.337,0.394,0.731,114,0.329,116,206,6,18,2,3,1,56DH/749,SS,,
